datum;wahl;ags;gebiet-nr;gebiet-name;max-schnellmeldungen;anz-schnellmeldungen;A1;A2;A3;A;B;B1;C;D;unveraendert_1;veraendert_1;panasch_1;D1;D1_1;D1_2;D1_3;D1_4;D1_5;D1_6;D1_7;D1_8;D1_9;D1_10;D1_11;D1_12;D1_13;D1_14;D1_15;D1_16;D1_17;D1_18;D1_19;D1_20;D1_21;D1_22;D1_23;D1_24;D1_25;D1_26;D1_27;D1_28;D1_29;D1_30;D1_31;D1_32;D1_33;D1_34;D1_35;D1_36;D1_37;D1_38;D1_39;D1_40;D1_41;D1_42;D1_43;D1_44;D1_45;D1_46;D1_47;D1_48;D1_49;D1_50;D1_51;D1_52;D1_53;D1_54;D1_55;D1_56;D1_57;D1_58;D1_59;D1_60;D1_61;D1_62;D1_63;D1_64;D1_65;D1_66;D1_67;D1_68;D1_69;D1_70;D1_71;D1_72;D1_73;D1_74;D1_75;D1_76;D1_77;D1_78;D1_79;D1_80;D1_81;D1_82;D1_83;D1_84;D1_85;D1_86;D1_87;unveraendert_2;veraendert_2;panasch_2;D2;D2_1;D2_2;D2_3;D2_4;D2_5;D2_6;D2_7;D2_8;D2_9;D2_10;D2_11;D2_12;D2_13;D2_14;D2_15;D2_16;D2_17;D2_18;D2_19;D2_20;D2_21;D2_22;D2_23;D2_24;D2_25;D2_26;D2_27;D2_28;D2_29;D2_30;D2_31;D2_32;D2_33;D2_34;D2_35;D2_36;D2_37;D2_38;D2_39;D2_40;D2_41;D2_42;D2_43;D2_44;D2_45;D2_46;D2_47;D2_48;D2_49;D2_50;D2_51;D2_52;D2_53;D2_54;D2_55;D2_56;D2_57;D2_58;D2_59;D2_60;D2_61;D2_62;D2_63;D2_64;D2_65;unveraendert_3;veraendert_3;panasch_3;D3;D3_1;D3_2;D3_3;D3_4;D3_5;D3_6;D3_7;D3_8;D3_9;D3_10;D3_11;D3_12;D3_13;D3_14;D3_15;D3_16;D3_17;D3_18;D3_19;D3_20;D3_21;D3_22;D3_23;D3_24;D3_25;D3_26;D3_27;D3_28;D3_29;D3_30;D3_31;D3_32;D3_33;D3_34;D3_35;D3_36;D3_37;D3_38;D3_39;D3_40;D3_41;D3_42;D3_43;D3_44;D3_45;D3_46;D3_47;D3_48;D3_49;D3_50;D3_51;D3_52;D3_53;D3_54;D3_55;D3_56;D3_57;D3_58;D3_59;D3_60;D3_61;D3_62;D3_63;D3_64;D3_65;D3_66;D3_67;D3_68;D3_69;D3_70;D3_71;D3_72;D3_73;D3_74;D3_75;D3_76;D3_77;D3_78;D3_79;D3_80;D3_81;D3_82;D3_83;D3_84;D3_85;D3_86;D3_87;D3_88;D3_89;D3_90;D3_91;D3_92;D3_93;D3_94;D3_95;D3_96;D3_97;D3_98;D3_99;unveraendert_4;veraendert_4;panasch_4;D4;D4_1;D4_2;D4_3;D4_4;D4_5;D4_6;D4_7;D4_8;D4_9;D4_10;D4_11;D4_12;D4_13;D4_14;D4_15;D4_16;D4_17;D4_18;D4_19;D4_20;D4_21;D4_22;D4_23;D4_24;D4_25;D4_26;D4_27;D4_28;D4_29;D4_30;D4_31;unveraendert_5;veraendert_5;panasch_5;D5;D5_1;D5_2;D5_3;D5_4;D5_5;D5_6;D5_7;D5_8;D5_9;D5_10;D5_11;D5_12;D5_13;D5_14;D5_15;D5_16;D5_17;D5_18;D5_19;D5_20;D5_21;D5_22;D5_23;D5_24;D5_25;D5_26;D5_27;D5_28;D5_29;D5_30;D5_31;D5_32;D5_33;D5_34;D5_35;D5_36;D5_37;D5_38;D5_39;D5_40;D5_41;D5_42;D5_43;D5_44;D5_45;D5_46;D5_47;D5_48;D5_49;D5_50;D5_51;D5_52;D5_53;D5_54;D5_55;D5_56;D5_57;D5_58;D5_59;D5_60;D5_61;D5_62;D5_63;D5_64;D5_65;unveraendert_6;veraendert_6;panasch_6;D6;D6_1;D6_2;D6_3;D6_4;D6_5;D6_6;D6_7;D6_8;D6_9;D6_10;D6_11;D6_12;D6_13;D6_14;D6_15;D6_16;D6_17;D6_18;D6_19;D6_20;D6_21;D6_22;D6_23;D6_24;D6_25;D6_26;D6_27;D6_28;D6_29;D6_30;D6_31;D6_32;D6_33;D6_34;D6_35;D6_36;D6_37;D6_38;D6_39;D6_40;D6_41;D6_42;D6_43;D6_44;D6_45;D6_46;D6_47;D6_48;D6_49;D6_50;D6_51;D6_52;D6_53;D6_54;D6_55;D6_56;D6_57;D6_58;D6_59;D6_60;D6_61;D6_62;D6_63;D6_64;D6_65;D6_66;D6_67;D6_68;D6_69;D6_70;D6_71;D6_72;D6_73;D6_74;D6_75;D6_76;D6_77;D6_78;D6_79;D6_80;D6_81;D6_82;D6_83;unveraendert_7;veraendert_7;panasch_7;D7;D7_1;D7_2;D7_3;D7_4;D7_5;D7_6;D7_7;D7_8;D7_9;D7_10;D7_11;D7_12;D7_13;D7_14;D7_15;D7_16;D7_17;D7_18;D7_19;D7_20;D7_21;D7_22;D7_23;D7_24;D7_25;D7_26;D7_27;D7_28;D7_29;D7_30;D7_31;D7_32;D7_33;D7_34;D7_35;D7_36;unveraendert_8;veraendert_8;panasch_8;D8;D8_1;D8_2;D8_3;D8_4;D8_5;D8_6;D8_7;D8_8;D8_9;D8_10;D8_11;D8_12;D8_13;D8_14;D8_15;D8_16;D8_17;D8_18;D8_19;D8_20;unveraendert_9;veraendert_9;panasch_9;D9;D9_1;D9_2;D9_3;D9_4;D9_5;D9_6;D9_7;D9_8;D9_9;D9_10;D9_11;D9_12;D9_13;D9_14;D9_15;D9_16;D9_17;D9_18;D9_19;D9_20;D9_21;D9_22;D9_23;D9_24;D9_25;D9_26;unveraendert_10;veraendert_10;panasch_10;D10;D10_1;D10_2;D10_3;D10_4;D10_5;D10_6;D10_7;D10_8;D10_9;D10_10;D10_11;D10_12;D10_13;D10_14;D10_15;D10_16;D10_17;D10_18;D10_19;D10_20;D10_21;D10_22;D10_23;D10_24;D10_25;D10_26;D10_27;D10_28;D10_29;D10_30;D10_31;D10_32;D10_33;D10_34;D10_35;D10_36;D10_37;D10_38;D10_39
14.03.2021;Kreiswahl;06534001;;Stadt Amöneburg;10;10;2835;1320;0;4155;2311;1257;90;170164;533;218;116;69246;1227;1028;1025;932;900;962;912;881;913;1074;861;937;880;871;879;848;858;876;876;924;861;843;858;862;916;845;865;899;861;855;867;835;846;1041;837;845;833;852;878;829;930;843;929;853;836;836;841;890;816;828;844;1023;811;818;812;816;809;802;812;859;818;798;798;809;788;783;787;817;786;780;777;771;828;760;776;715;717;705;681;909;643;;;;;;;161;19;53;19904;555;506;520;493;503;484;495;465;472;493;549;455;436;428;437;380;262;260;260;272;279;245;277;246;280;256;253;230;234;241;235;238;246;230;239;227;236;236;237;233;244;235;243;245;240;250;230;225;237;225;235;237;239;226;231;222;236;294;227;237;229;279;267;286;241;292;104;49;36608;1157;717;473;517;487;520;442;475;444;441;461;442;437;444;430;430;484;566;432;455;431;434;424;428;422;428;424;531;432;466;472;422;426;426;417;417;424;655;549;417;428;421;434;453;415;407;406;438;428;433;406;419;424;407;422;408;413;419;403;442;405;397;406;417;413;404;421;422;399;394;406;397;415;394;718;504;377;516;394;357;327;;;;;;;;;;;;;;;;;;;135;16;17;13889;529;527;524;521;519;517;513;510;511;512;518;507;514;503;492;512;493;350;359;355;347;354;345;341;341;348;336;336;341;345;330;72;9;18;8239;241;210;212;258;219;198;193;183;232;196;193;199;182;213;173;103;113;98;102;101;110;98;105;98;104;109;105;102;98;115;98;99;98;113;101;107;100;98;105;98;98;122;100;102;102;104;103;97;99;96;99;93;93;96;96;95;101;92;103;93;108;89;92;87;101;42;2;14;4927;119;86;106;76;84;74;79;66;78;65;73;72;70;64;67;57;63;57;67;60;66;57;63;57;65;56;62;58;65;56;62;56;61;59;65;59;64;56;62;56;62;56;62;62;56;61;56;58;55;56;55;56;55;56;55;56;55;58;55;61;55;54;54;53;53;53;53;53;53;52;52;54;50;50;50;49;71;49;45;47;43;;;123;13;13;12555;480;459;462;449;445;438;458;311;305;305;308;305;318;306;309;306;301;405;310;485;308;316;300;304;295;297;295;307;305;301;298;299;289;289;293;293;5;0;8;906;47;46;48;43;43;42;42;42;46;45;42;41;41;41;41;41;41;41;47;41;13;0;3;1235;53;55;58;49;49;48;45;45;45;45;50;44;44;47;44;44;44;45;42;42;42;42;42;42;42;45;17;2;8;2655;125;99;91;78;81;78;88;79;82;77;73;76;74;77;67;74;73;77;64;64;63;59;58;57;55;57;54;60;54;50;51;49;47;47;51;47;48;49;50
14.03.2021;Kreiswahl;06534002;;Gemeinde Angelburg;4;4;1955;903;0;2858;1387;871;68;100736;197;94;40;26649;492;400;343;329;334;365;392;337;496;345;337;329;324;403;369;330;341;337;325;342;339;317;313;316;315;316;315;311;321;347;335;381;319;314;656;336;316;315;334;316;315;347;319;354;318;326;314;334;320;317;314;312;313;317;314;310;318;513;315;310;304;322;298;303;310;300;294;299;293;330;286;280;279;290;271;264;263;259;243;239;220;;;;;;;66;0;19;7378;230;208;231;193;200;179;178;169;173;165;190;161;165;155;165;89;100;88;95;94;91;92;91;87;90;90;90;90;96;99;90;87;93;90;90;87;90;93;90;87;93;86;89;92;89;92;89;86;89;86;89;86;89;86;93;86;89;85;88;85;88;118;91;90;90;248;151;46;36189;911;753;516;503;492;717;479;477;462;456;452;531;448;441;447;450;448;440;446;585;440;457;450;438;443;462;442;468;435;422;437;427;422;858;429;561;434;423;429;421;429;422;421;428;421;453;418;439;431;417;424;411;420;405;416;407;408;403;403;404;665;407;397;397;394;390;388;377;429;380;375;363;358;337;334;396;336;349;312;310;363;;;;;;;;;;;;;;;;;;;115;21;13;11981;504;485;460;455;445;435;435;447;435;456;434;424;423;423;464;422;423;294;294;293;298;292;296;293;299;294;289;287;290;290;292;28;0;6;2869;81;69;74;68;70;68;71;67;79;77;65;68;64;62;63;37;37;34;40;34;34;35;34;34;38;34;42;41;37;34;34;39;41;37;34;38;40;36;34;34;37;37;34;37;34;34;37;34;34;34;34;34;34;38;34;34;37;34;41;34;34;36;34;33;34;45;6;4;4813;94;72;79;67;79;70;72;64;69;62;67;64;67;67;66;55;67;97;57;56;56;92;57;59;56;59;57;58;60;55;56;57;56;62;55;59;56;58;60;58;56;60;57;58;59;57;56;56;55;56;56;55;56;58;56;55;56;57;55;58;55;55;55;54;56;54;53;53;53;52;55;52;52;54;52;51;51;53;51;47;46;;;59;20;16;7909;362;318;292;295;257;278;268;233;213;209;203;203;202;205;221;196;209;187;193;187;188;185;190;188;185;191;183;185;189;192;187;189;185;191;180;179;8;2;3;865;42;48;42;40;42;41;42;44;40;38;38;40;39;39;43;41;41;39;37;43;4;0;1;447;25;19;18;16;15;15;20;17;15;19;18;15;18;16;15;15;15;15;15;15;15;15;15;18;14;14;12;1;6;1636;79;57;51;46;52;47;46;41;41;39;43;39;46;39;40;41;39;37;38;37;38;37;38;38;38;37;37;36;37;39;40;36;39;36;36;35;36;35;35
14.03.2021;Kreiswahl;06534003;;Gemeinde Bad Endbach;11;11;4778;1657;0;6435;2722;1512;100;197442;456;120;136;57783;1038;887;766;775;742;850;838;750;1387;794;810;752;719;798;737;735;789;911;724;750;740;703;706;711;699;699;704;691;709;1045;731;737;691;694;732;710;692;707;709;686;688;719;686;751;698;749;675;722;674;680;670;668;672;681;667;669;673;671;675;662;649;662;650;666;652;880;638;650;634;654;631;613;604;598;596;568;555;539;513;546;487;;;;;;;121;14;35;14625;401;358;405;329;361;338;340;322;342;337;586;306;324;299;333;170;202;181;182;211;166;184;184;182;190;172;185;169;186;175;176;180;188;174;181;197;187;169;183;160;190;166;187;169;197;174;185;165;172;163;187;159;173;160;162;171;185;171;178;166;167;256;171;219;169;482;253;96;67793;1984;1517;929;877;891;1313;896;860;855;821;850;1016;832;814;838;831;820;796;819;1861;808;809;820;769;799;896;1416;808;798;800;806;779;788;874;787;949;1037;779;798;803;796;774;774;776;775;827;760;753;805;756;778;763;793;739;772;788;749;733;747;714;768;716;743;727;704;703;717;686;686;678;678;674;657;641;637;808;631;895;620;684;825;;;;;;;;;;;;;;;;;;;199;45;30;21843;904;838;820;815;817;807;803;810;792;804;789;826;795;779;795;768;768;544;545;545;546;546;538;530;546;539;531;527;541;539;528;82;4;16;8520;232;218;227;208;214;218;221;202;227;215;198;222;194;196;189;108;126;101;108;105;100;112;103;100;100;106;112;130;100;103;103;105;104;141;107;107;106;111;103;102;112;100;103;100;100;101;98;100;97;103;97;108;96;105;101;96;103;102;97;99;102;104;96;98;96;62;11;16;7184;128;108;117;98;103;98;99;94;98;89;96;90;94;90;92;89;100;93;93;87;88;90;94;87;88;87;92;87;93;89;92;89;88;93;90;90;91;87;90;90;94;88;94;91;89;91;85;86;85;94;84;89;84;94;87;89;84;91;84;94;83;82;84;81;83;86;79;79;80;81;81;78;78;81;78;76;84;73;72;68;69;;;105;32;32;14567;707;548;483;485;479;459;460;476;347;373;353;335;343;347;376;804;416;331;361;322;332;323;326;324;325;325;399;327;405;335;318;316;336;317;328;408;10;0;12;1462;73;87;72;69;69;66;69;69;69;72;67;69;72;66;66;72;65;65;67;67;14;1;7;1875;87;89;74;68;77;71;68;68;68;70;88;68;67;68;67;64;67;70;65;65;65;66;65;67;61;61;14;1;6;1790;71;48;62;46;54;45;50;45;50;46;47;45;50;45;46;45;46;44;45;46;41;40;41;44;41;43;41;40;40;39;43;39;39;40;40;44;39;39;41
14.03.2021;Kreiswahl;06534004;;Magistrat der Stadt Biedenkopf;19;19;6711;3260;0;9971;4994;3037;173;367399;792;176;209;95977;1810;1469;1332;1281;1257;1400;1498;1225;1333;1261;1227;1264;1231;1424;1306;1781;1239;1275;1215;1239;1204;1179;1177;1184;1170;1179;1194;1160;1165;1177;1181;1229;1154;1152;1163;1172;1150;1157;1175;1143;1144;1410;1149;1301;1152;1163;1140;1190;1147;1134;1132;1138;1126;1136;1123;1144;1120;1125;1113;1110;1108;1158;1108;1451;1107;1083;1083;1093;1124;1066;1051;1052;1036;1030;1027;984;965;975;908;985;854;;;;;;;320;23;105;37005;1066;979;978;944;960;917;916;881;894;871;927;837;829;798;803;478;479;471;481;493;465;483;464;454;458;451;475;444;454;682;462;450;449;446;452;446;454;447;455;441;451;436;452;479;581;436;454;431;434;425;443;437;434;429;429;422;440;425;435;422;428;574;448;460;428;961;381;170;124067;3576;2629;1795;1756;1659;2054;1619;1653;1598;1552;1576;2567;1550;1547;1540;1555;1545;1527;1518;1737;1490;1575;1495;1475;1479;1510;1491;1523;1495;1477;1462;1490;1464;1599;1446;1951;1491;1464;1488;1448;1464;1447;1433;1491;1436;1629;1430;1493;1441;1433;1422;1430;1439;1423;1408;1425;1400;1383;1396;1390;1420;1534;1384;1373;1362;1353;1354;1343;1418;1373;1311;1307;1295;1284;1265;1513;1324;1326;1220;1231;1398;;;;;;;;;;;;;;;;;;;300;102;43;36122;1777;1367;1379;1347;1352;1315;1307;1301;1291;1301;1283;1276;1267;1270;1257;1259;1227;883;879;907;1007;875;884;872;938;865;877;853;869;856;983;163;9;38;17976;551;468;482;440;432;466;426;417;454;686;404;429;398;411;408;223;251;219;219;230;214;237;222;217;213;215;230;242;224;208;210;228;219;247;214;221;218;210;216;220;219;210;210;213;216;206;207;209;209;218;216;206;210;221;216;206;217;216;224;203;209;215;207;204;210;124;17;25;13954;315;260;253;219;236;207;216;204;205;190;194;181;190;196;179;176;186;181;180;171;186;171;173;181;179;171;176;165;176;167;164;176;163;167;160;160;165;159;161;165;164;164;161;165;158;169;162;164;161;171;153;160;158;161;152;154;156;170;154;174;155;157;151;159;156;148;147;158;182;148;148;149;147;154;148;148;167;149;148;140;140;;;206;83;92;31844;1675;1277;1078;1657;1046;1407;1067;848;860;773;786;753;749;761;875;742;767;750;768;738;740;758;927;731;728;745;732;710;715;750;715;710;707;706;715;674;28;7;5;2975;146;150;143;141;131;136;138;141;141;147;138;136;143;138;137;131;177;135;135;143;23;3;5;2706;153;116;112;104;105;102;98;106;106;99;115;102;92;91;96;101;92;95;90;90;88;89;95;94;89;92;33;3;19;4773;209;166;150;141;148;136;137;131;140;126;120;117;124;128;120;113;122;114;110;114;116;110;108;110;110;108;109;105;106;111;106;103;99;98;105;99;96;103;105
14.03.2021;Kreiswahl;06534005;;Gemeinde Breidenbach;10;10;3688;1132;0;4820;2172;1071;75;157149;336;120;84;44293;822;681;598;575;584;678;728;564;658;637;566;583;585;742;1238;641;570;600;551;551;567;533;532;531;521;526;537;519;534;543;541;636;516;515;576;524;514;518;548;516;514;550;531;623;523;525;512;556;516;510;504;507;503;517;506;508;507;521;612;500;493;792;494;506;490;475;476;484;469;513;469;451;448;446;451;420;420;410;388;409;345;;;;;;;99;11;42;12840;350;350;333;312;318;307;321;300;302;291;344;293;280;259;269;167;170;172;161;170;155;298;161;155;158;155;161;153;153;183;162;152;156;157;159;152;161;163;156;150;163;153;156;156;168;156;159;149;152;149;161;149;150;148;149;146;153;145;157;148;149;232;151;165;152;400;178;102;54640;1582;1166;768;722;714;983;690;688;682;657;663;931;660;659;662;653;675;669;656;801;650;653;656;643;656;695;669;673;665;639;646;639;644;751;642;1241;671;633;657;635;637;650;638;640;634;842;630;633;654;634;640;636;644;628;626;622;617;611;611;617;652;624;625;599;604;596;591;582;624;579;577;567;547;528;527;588;814;549;505;515;564;;;;;;;;;;;;;;;;;;;115;58;30;16564;725;681;618;655;654;597;582;587;583;601;572;574;571;572;563;552;538;402;407;398;519;411;430;450;495;394;397;386;387;389;464;51;3;6;5017;141;129;135;129;124;135;119;121;126;153;116;122;117;119;113;62;62;61;63;61;60;63;59;64;59;62;66;60;62;60;60;62;62;67;61;67;61;59;63;59;68;64;59;59;60;60;66;62;60;60;63;58;59;58;59;59;65;59;59;58;58;59;58;64;58;35;5;12;4172;95;78;86;68;87;65;59;61;64;56;56;58;51;60;57;52;58;52;55;51;54;63;57;51;58;51;54;51;51;54;55;52;50;50;50;55;51;49;47;49;48;50;47;46;49;47;53;49;47;48;53;45;47;45;53;48;47;53;48;48;44;44;44;44;43;44;43;43;43;43;43;42;41;40;41;41;46;40;37;37;37;;;91;33;62;15457;867;882;517;598;483;528;502;430;392;380;360;377;376;368;425;370;378;373;368;356;360;355;369;354;350;359;363;350;355;427;364;346;343;402;355;335;14;1;7;1640;94;96;80;79;79;74;77;80;74;78;73;74;83;76;75;72;81;75;73;73;11;2;0;1136;49;45;46;46;43;42;41;53;41;45;46;42;40;39;40;41;39;40;39;39;40;40;39;40;39;41;9;1;4;1390;74;51;55;37;39;39;39;33;37;33;39;32;40;37;35;33;34;33;33;33;33;28;32;32;35;28;33;28;32;27;31;27;32;31;33;26;30;26;33
14.03.2021;Kreiswahl;06534006;;Gemeinde Cölbe;12;12;3822;1628;0;5450;2850;1520;113;211510;403;110;81;48067;864;746;664;631;649;718;650;608;634;690;610;623;615;599;607;588;602;605;595;619;607;586;584;613;588;599;601;584;855;586;607;581;575;596;574;588;564;609;583;574;594;583;606;592;571;587;556;577;651;565;745;587;568;567;561;573;554;550;547;556;554;546;546;546;541;546;542;549;541;530;529;508;509;498;519;579;508;563;464;686;602;;;;;;;333;66;85;41091;1126;1033;1045;981;1005;970;993;939;978;992;1105;926;907;1052;897;566;721;508;515;559;517;502;851;485;525;482;512;484;497;481;508;490;503;482;492;489;541;494;496;475;564;475;491;517;492;506;484;469;486;480;651;494;468;469;491;474;493;464;474;473;485;579;505;526;496;571;195;112;71882;1649;1381;966;1013;979;991;939;953;971;937;944;900;1182;895;896;896;927;910;886;906;878;941;887;877;882;877;875;942;881;897;875;850;867;851;866;848;867;848;923;867;923;847;866;905;856;853;844;905;860;836;839;863;852;834;841;829;826;834;820;838;816;816;807;814;1183;812;792;779;767;780;777;752;808;762;730;962;718;982;781;691;762;;;;;;;;;;;;;;;;;;;108;19;18;11746;456;445;440;438;435;442;434;443;438;443;432;424;426;422;417;422;413;296;310;303;297;295;296;289;287;295;288;275;289;291;277;68;13;25;8810;267;232;231;226;219;235;209;203;255;200;203;234;183;183;186;114;140;111;107;121;107;119;134;106;116;121;109;123;111;107;106;107;122;120;109;137;116;110;110;111;113;115;101;114;101;99;108;108;99;99;98;96;101;108;99;95;101;99;108;94;96;100;96;98;96;123;12;25;13637;289;243;249;216;227;211;203;193;211;185;184;186;176;194;181;171;173;171;169;172;167;167;172;167;175;167;178;161;185;165;160;182;160;171;162;166;156;162;166;161;163;168;154;169;155;154;156;154;152;173;153;157;152;153;152;148;154;175;148;171;155;148;149;157;154;149;151;152;148;149;146;145;146;153;139;137;191;139;150;135;129;;;53;7;15;5793;241;237;212;203;200;200;305;164;152;135;153;137;148;136;135;139;138;165;134;142;133;148;132;134;132;141;133;130;130;135;141;151;136;131;131;135;14;1;5;1665;90;95;89;83;80;76;74;79;88;77;73;73;79;83;74;78;72;73;73;77;9;2;4;1595;92;90;82;72;67;65;58;56;58;66;64;52;48;52;54;57;48;54;52;48;54;52;53;51;54;45;43;8;35;7224;339;253;273;217;224;207;224;190;223;214;192;190;194;186;181;175;190;166;168;167;171;169;165;158;163;153;149;149;158;146;146;143;145;166;147;138;139;146;147
14.03.2021;Kreiswahl;06534007;;Gemeinde Dautphetal;20;20;6055;2819;0;8874;4873;2639;158;343707;697;302;378;110536;2297;1800;1533;1487;1465;1776;3200;1435;1649;1578;1447;1451;1406;2689;1514;1479;1570;1526;1410;1423;1418;1358;1366;1368;1343;1330;1379;1317;1329;1367;1366;1523;1317;1321;1390;1323;1317;1314;1348;1297;1289;1395;1302;1476;1316;1311;1287;1857;1287;1292;1266;1275;1262;1277;1258;1266;1251;1249;1235;1223;1206;1358;1207;1268;1204;1188;1174;1220;1166;1169;1136;1087;1073;1048;1049;959;953;914;847;941;769;;;;;;;180;16;80;23192;786;649;643;569;600;562;591;550;573;540;711;506;508;474;513;302;329;292;295;359;293;300;303;280;294;274;299;271;283;333;283;277;293;272;282;281;276;278;288;272;282;265;274;280;300;281;275;262;271;259;276;267;259;258;263;257;261;255;261;269;267;377;260;295;269;724;265;253;103164;3685;2495;2410;1413;1384;2021;1343;1354;1316;1254;1286;1637;1253;1234;1264;1244;1261;1248;1237;1553;1216;1256;1227;1186;1217;1270;1249;1237;1199;1189;1187;1180;1187;1428;1177;1574;1208;1184;1199;1176;1191;1186;1178;1193;1160;1927;1164;1250;1226;1150;1170;1150;1195;1143;1150;1163;1122;1116;1134;1101;1167;1144;1119;1093;1096;1066;1068;1048;1116;1098;1050;1039;1007;1043;978;1223;974;1090;930;934;1174;;;;;;;;;;;;;;;;;;;196;42;51;23502;1172;944;893;895;879;863;848;866;842;860;835;827;816;814;809;807;797;573;582;577;598;588;575;577;607;576;560;562;586;578;572;75;7;44;10193;340;282;303;261;254;289;241;226;252;315;215;229;199;211;199;126;137;124;121;128;121;130;139;121;124;124;137;134;126;125;120;125;126;148;121;141;126;120;120;121;124;129;120;122;121;123;126;121;121;120;152;119;118;130;119;118;124;118;129;121;116;126;116;119;114;82;8;25;9848;243;196;199;157;188;148;144;139;135;125;129;131;128;149;136;119;138;122;123;122;119;132;126;118;125;125;129;113;123;119;119;120;115;122;115;122;120;113;115;116;114;115;113;119;115;112;116;113;112;119;115;118;121;112;111;117;110;121;114;121;109;113;109;114;114;106;107;109;116;105;101;101;99;107;101;99;99;92;88;88;86;;;374;158;154;56108;4567;2184;1922;2038;1854;1980;1851;1439;1952;1345;1334;1294;1295;1318;1954;1320;1365;1296;1319;1264;1263;1304;1295;1246;1244;1258;1276;1228;1260;1268;1235;1223;1218;1235;1221;1211;19;5;6;2329;122;168;107;106;110;111;104;103;112;112;104;108;116;106;104;105;105;105;102;110;10;2;5;1591;96;81;69;63;61;53;54;67;114;68;81;58;48;47;50;48;47;54;46;46;46;50;47;48;48;48;23;4;10;3244;152;95;124;89;103;95;101;88;93;85;85;76;79;81;73;70;87;73;80;72;73;73;72;72;76;69;71;68;72;75;74;70;71;77;73;69;72;72;78
14.03.2021;Kreiswahl;06534008;;Gemeinde Ebsdorfergrund;13;13;5061;2301;0;7362;4225;2150;155;312594;521;162;109;65386;1176;1005;946;923;900;1043;943;848;909;926;824;854;829;822;817;808;832;838;835;871;833;797;1218;897;801;828;844;789;807;789;814;786;778;794;782;786;778;796;844;783;780;775;826;794;786;823;929;784;765;760;778;775;772;770;760;774;754;758;753;760;750;740;746;745;740;738;936;765;720;725;739;705;707;687;711;670;678;656;635;852;572;;;;;;;309;36;96;37067;1067;993;1003;921;954;882;918;872;900;869;1048;843;812;784;822;580;489;460;477;494;489;455;483;454;459;441;471;438;441;446;449;444;475;438;453;437;444;438;446;443;464;436;440;455;451;458;448;434;444;434;451;441;433;425;436;428;436;420;420;426;448;549;694;496;456;1007;415;163;126261;2921;2364;1734;1741;2148;1825;1657;1684;1668;1606;1641;1612;1593;1587;1595;1579;1613;1684;1578;1593;1557;1598;1573;1540;1552;1545;1547;1627;1610;1565;1555;1544;1540;1531;1514;1514;1497;1517;1576;1544;1630;1491;1539;1567;1487;1482;1503;1571;1525;1475;1485;1770;1526;1470;1489;1462;1476;1448;1445;1441;1438;1408;1444;1409;1427;1390;1390;1367;1357;1391;1386;1336;1429;1336;1343;1729;1269;1664;1350;1320;1327;;;;;;;;;;;;;;;;;;;226;41;16;23099;914;871;880;859;859;860;851;855;848;853;850;843;843;845;837;836;825;578;575;595;571;580;570;570;571;574;570;559;567;563;555;121;18;23;13840;410;381;381;351;335;384;330;321;336;323;325;382;298;307;310;180;200;164;173;172;168;176;189;166;165;206;177;195;163;161;181;164;189;184;158;200;174;162;162;169;206;164;159;208;152;152;165;161;152;161;154;167;154;185;160;154;155;155;165;155;170;166;155;151;164;156;12;17;15487;306;265;271;233;245;213;222;194;211;192;195;212;198;208;197;188;189;183;194;190;183;182;183;186;191;180;180;183;199;179;185;192;182;185;206;192;185;185;186;180;183;190;183;200;179;186;190;182;185;189;182;187;187;186;180;189;186;199;186;193;186;179;179;184;178;179;179;183;174;186;173;174;176;174;176;178;188;171;170;167;161;;;154;33;39;18618;729;695;672;661;640;634;718;483;465;452;469;448;850;457;456;445;449;491;466;463;449;455;439;437;451;453;442;432;440;441;430;443;427;431;427;427;17;1;6;1908;97;102;98;89;91;90;88;95;92;91;89;88;93;92;82;85;83;89;86;91;22;2;6;2591;110;105;107;161;102;92;91;92;92;93;96;93;89;88;95;98;88;88;88;88;92;92;87;95;85;91;68;9;22;8337;371;273;312;245;242;220;231;217;226;218;205;207;201;210;205;199;196;235;192;205;200;194;193;194;195;192;186;184;189;185;181;184;189;181;186;173;175;185;172
14.03.2021;Kreiswahl;06534009;;Gemeindevorstand der Gemeinde Fronhausen;9;9;2186;1131;0;3317;1953;1066;71;145045;335;121;74;41805;700;684;564;551;539;651;580;562;572;608;539;607;524;529;528;516;542;539;533;554;536;511;526;937;540;530;510;509;529;511;530;512;503;514;524;801;496;503;537;493;498;499;538;517;523;591;508;491;492;487;499;492;490;485;493;486;492;473;479;473;475;477;472;480;469;466;461;475;461;445;443;437;437;428;461;412;418;395;377;475;361;;;;;;;192;11;46;20753;605;557;566;530;555;511;529;505;511;513;581;499;482;472;505;293;283;261;266;287;259;249;270;251;266;247;262;263;252;249;258;246;263;244;255;245;255;249;257;242;258;243;246;243;250;239;253;235;249;243;244;244;236;234;239;231;245;231;235;238;246;275;257;266;252;381;146;54;46910;1176;949;648;662;631;716;640;640;604;605;593;593;588;582;585;588;593;584;579;609;561;585;723;563;572;570;570;608;596;575;579;584;561;560;555;556;556;561;581;642;576;556;563;570;550;543;544;558;560;544;546;566;552;746;550;542;532;536;539;529;529;523;535;637;518;522;522;525;515;519;553;504;495;484;498;562;467;543;488;441;505;;;;;;;;;;;;;;;;;;;117;27;8;12197;477;475;469;458;454;450;450;450;444;451;446;444;445;445;445;463;436;308;306;302;302;305;307;297;301;297;301;295;289;294;296;54;5;18;6431;190;162;185;163;159;170;149;136;172;137;134;180;138;140;137;99;96;78;77;109;75;77;76;75;78;86;91;162;78;79;78;83;75;85;74;78;77;79;76;79;72;83;73;75;74;71;71;72;72;71;72;71;75;166;71;71;70;71;70;69;77;69;69;69;67;89;5;11;8662;179;126;146;131;137;123;115;110;123;111;114;109;115;119;118;106;118;106;119;107;112;105;112;103;114;103;112;105;112;109;117;108;114;110;112;109;106;105;111;104;103;104;101;101;101;104;101;101;104;104;102;99;99;99;99;99;99;109;99;100;100;99;99;97;101;98;97;99;96;95;96;95;94;98;94;92;98;92;95;92;92;;;28;3;11;3331;129;125;116;117;106;114;137;81;81;88;80;84;106;81;86;87;81;81;88;78;81;83;76;76;80;86;84;77;84;86;84;79;81;78;83;83;1;1;1;339;27;24;24;18;16;15;21;16;12;16;16;12;16;15;13;9;13;16;12;15;7;1;1;825;44;41;43;30;34;30;29;32;36;30;34;28;30;28;27;31;27;27;28;27;27;27;26;30;27;26;30;4;8;3792;198;176;139;119;123;98;119;107;116;98;90;101;97;96;83;92;92;92;76;81;82;80;82;82;82;78;79;78;81;74;78;77;77;86;84;74;78;90;83
14.03.2021;Kreiswahl;06534010;;Magistrat der Stadt Gladenbach;23;23;6913;2667;0;9580;4589;2526;150;336549;750;281;246;103199;1876;1802;1394;1371;1324;1523;1630;1360;1613;1409;1938;1487;1287;1398;1330;1296;2188;2191;1287;1334;1305;1253;1276;1279;1259;1261;1271;1227;1251;1421;1320;1282;1231;1230;1281;1237;1246;1248;1267;1204;1211;1224;1214;1353;1213;1378;1193;1228;1192;1191;1194;1208;1173;1192;1187;1182;1674;1173;1173;1162;1148;1164;1161;1157;1144;1178;1095;1119;1088;1059;1058;1023;1262;1005;1001;952;932;912;862;971;806;;;;;;;251;33;86;31937;866;801;810;757;793;740;751;734;727;711;982;678;674;646;673;399;407;392;396;427;398;389;415;377;388;370;389;371;381;370;377;373;676;379;377;875;371;378;389;363;385;359;379;366;368;383;375;360;370;362;383;371;360;363;369;359;360;361;361;359;370;544;384;442;356;735;271;233;101370;3102;2288;1399;1385;1344;1887;1358;1288;1260;1230;1264;1487;1257;1209;1226;1216;1244;1237;1221;1771;1200;1231;1245;1199;1240;1794;1299;1241;1222;1201;1194;1184;1192;1277;1171;1328;1206;1169;1213;1237;1207;1177;1189;1184;1168;1203;1154;1206;1190;1149;1232;1146;1226;1153;1155;1850;1136;1117;1125;1125;1144;1104;1105;1097;1089;1087;1106;1058;1046;1061;1050;1267;1019;991;974;1253;944;1159;955;957;1096;;;;;;;;;;;;;;;;;;;246;40;45;27435;1177;1082;1054;1049;1012;1019;1005;1013;997;1009;988;980;985;986;967;982;953;684;687;679;672;697;672;666;672;675;679;659;689;665;670;84;6;32;10444;336;293;289;264;259;261;239;248;273;249;233;249;223;229;220;128;136;127;122;130;119;126;124;120;123;121;167;146;132;121;126;126;127;178;128;130;132;132;120;130;126;122;120;133;120;126;122;122;121;125;130;127;125;140;120;121;134;122;148;125;128;131;121;125;119;84;4;30;9973;243;171;186;171;181;170;162;147;160;146;144;132;131;143;134;138;133;127;125;119;121;132;126;122;119;122;123;122;120;124;116;122;115;122;121;115;115;115;118;116;119;120;117;130;121;114;120;119;117;114;117;116;113;122;121;118;113;121;112;125;111;114;114;112;107;109;106;104;105;101;101;100;104;104;97;91;101;91;87;86;90;;;252;151;106;42968;1691;1485;1354;1352;1312;1305;1286;1705;1040;2156;1014;981;980;989;1069;1008;1320;1001;1195;951;946;958;941;933;936;959;1413;930;1588;949;932;945;1424;902;1211;893;7;6;6;1237;66;71;63;59;61;56;52;59;53;63;52;64;65;51;57;51;51;54;54;63;22;12;5;3752;172;177;129;131;129;119;115;124;122;139;539;121;110;109;129;122;109;122;109;110;114;107;118;123;116;122;27;2;15;4234;192;141;133;118;152;113;126;112;122;108;102;104;112;108;101;98;108;96;108;96;92;98;108;102;101;86;84;88;84;104;83;84;92;94;93;97;81;85;114
14.03.2021;Kreiswahl;06534011;;Stadt Kirchhain;22;22;8822;3920;0;12742;6776;3663;243;501383;1275;288;311;152226;2681;2282;2557;2101;2039;2279;2077;1968;2022;2654;1933;1969;1983;1951;1934;1885;1878;1927;1951;1982;1922;1870;1899;1889;2609;1877;1899;1927;1882;1833;1902;1844;1887;1976;1837;1846;1823;1860;2371;1812;1904;1866;2071;1851;1862;1834;1827;1853;1802;1793;1882;1809;1771;1794;1842;1784;1769;1761;1769;1813;1759;1727;1733;1744;1724;1701;1699;1723;1684;1651;1688;1635;1626;1599;1746;1524;1531;1507;1452;1942;1356;;;;;;;455;95;162;61431;1728;1581;1600;1503;1533;1445;1486;1387;1428;1784;1606;1310;1286;1241;1282;1781;801;742;874;771;997;737;809;732;1521;823;756;701;734;696;719;693;729;703;733;693;728;996;719;699;717;688;850;816;709;707;713;684;696;683;711;699;680;659;683;665;701;658;666;675;669;816;702;746;710;1312;587;282;175982;4550;3478;2416;2588;2438;2558;2305;2396;2306;2301;2252;2219;2241;2802;2196;2228;3164;2274;2162;2224;2172;2164;2144;2126;2125;2107;2122;3013;2153;2817;2214;2112;2087;2093;2082;2068;2073;2138;2426;2074;2151;2056;2083;2827;2043;2063;2038;2056;2084;2114;2024;2029;2064;2012;2009;1982;1991;1984;1972;2080;1947;1929;1934;1923;1948;1887;2086;1871;1835;1856;1832;1777;1823;1726;1752;2281;1631;2078;1742;1578;1476;;;;;;;;;;;;;;;;;;;337;65;48;36524;1437;1382;1388;1361;1355;1363;1339;1359;1342;1337;1486;1316;1322;1309;1301;1465;1288;902;929;902;902;906;900;898;893;892;886;863;879;890;858;217;29;54;26243;734;667;686;771;799;668;633;608;694;605;624;617;578;596;549;318;373;342;321;320;323;340;320;306;322;331;333;320;305;358;304;319;323;335;302;595;304;303;298;297;306;347;296;533;298;296;306;300;292;292;298;296;297;299;288;306;294;290;325;290;391;293;284;282;294;188;32;41;21983;428;365;476;327;373;319;319;418;313;284;335;309;299;305;286;330;279;276;280;277;272;265;297;265;276;271;274;400;256;266;255;287;250;255;263;258;252;259;257;250;251;253;251;258;253;255;247;255;247;259;257;245;245;251;248;243;248;255;246;274;238;236;237;241;237;238;262;227;231;240;225;227;225;245;230;221;312;228;211;198;207;;;100;31;27;12786;588;510;483;466;445;437;531;326;329;306;318;305;340;314;307;302;308;355;307;308;329;413;297;296;289;296;297;335;290;301;300;325;289;287;284;279;28;4;15;3347;183;183;180;159;170;161;160;155;161;155;154;150;175;159;158;154;143;146;155;138;19;1;6;2389;133;110;107;106;102;90;94;96;96;91;99;83;78;79;79;77;76;78;75;79;77;92;87;79;73;75;55;3;31;8472;425;312;318;269;284;243;265;249;261;226;219;206;221;208;200;199;221;184;193;184;198;190;188;193;190;175;178;176;177;175;175;168;180;183;188;163;166;169;174
14.03.2021;Kreiswahl;06534012;;Gemeinde Lahntal;10;10;3447;2082;0;5529;3078;1952;83;229524;481;133;116;59116;1235;922;798;811;819;1013;849;743;808;839;734;774;755;758;741;734;750;767;753;743;746;721;724;723;730;729;904;705;738;707;763;716;711;707;721;718;723;740;721;883;710;713;756;722;724;711;713;709;701;695;720;700;701;688;706;696;688;680;679;675;679;683;678;677;670;672;673;682;1046;635;645;628;616;627;606;586;599;560;556;803;532;;;;;;;297;46;99;37402;1054;1245;941;910;917;894;913;871;892;863;993;849;818;799;842;505;485;474;469;745;477;459;483;455;473;450;463;473;451;445;459;649;462;442;460;439;448;447;453;434;466;431;442;463;447;463;440;426;440;438;439;438;429;427;439;426;436;430;428;466;443;550;466;484;431;635;247;136;83605;2147;1650;1132;1114;1105;1198;1037;1054;1638;1022;1039;1065;1072;1001;1015;1020;1033;1037;1024;1002;1008;1147;1016;1013;997;1000;987;1015;1009;1009;1000;981;1509;981;972;973;975;969;1013;988;1010;982;989;1012;967;956;960;1605;967;938;945;961;994;950;930;927;931;914;919;915;906;926;1424;890;940;920;870;848;850;917;856;829;911;1276;840;1093;786;1106;851;778;1049;;;;;;;;;;;;;;;;;;;138;38;16;15503;614;603;585;581;586;573;559;572;562;565;557;560;557;563;554;568;555;387;404;387;395;397;388;389;385;398;389;367;372;381;366;69;7;22;8507;296;209;226;197;204;225;189;190;228;185;177;217;178;169;177;108;116;95;96;119;98;110;125;99;113;122;123;138;108;102;100;103;101;128;98;123;117;104;95;102;108;106;92;105;102;92;103;116;95;102;98;105;101;110;96;98;116;97;138;96;96;105;100;96;97;78;7;22;9370;247;199;215;177;192;157;165;145;156;140;133;139;135;139;129;123;120;119;121;117;111;110;119;113;112;110;120;107;113;107;114;110;105;103;109;102;104;105;104;104;107;108;107;110;101;103;104;104;106;106;101;114;108;100;105;108;98;113;97;120;95;98;94;103;97;94;94;100;93;101;97;93;89;101;89;86;137;90;82;87;80;;;50;9;17;6645;319;266;237;243;220;215;315;181;188;158;162;154;151;154;173;148;159;177;167;153;161;168;152;151;160;157;156;147;156;166;147;187;148;160;161;156;13;12;6;2212;118;107;99;101;107;101;104;107;114;104;104;101;107;107;106;106;104;101;102;102;11;5;5;1889;97;92;76;68;78;68;69;64;68;89;77;69;67;66;69;67;61;71;62;64;70;61;60;67;62;65;37;1;20;5275;258;204;204;160;163;149;162;150;165;147;133;125;138;139;123;129;135;122;123;119;124;115;120;118;123;113;113;106;118;104;112;107;107;108;114;107;110;98;105
14.03.2021;Kreiswahl;06534013;;Gemeinde Lohra;13;13;3236;1217;0;4453;2498;1141;118;180645;399;189;61;51501;953;1239;710;686;665;742;697;715;679;713;669;940;655;641;651;641;678;696;651;655;643;635;636;682;637;653;646;621;632;619;633;627;611;619;626;630;614;620;622;608;609;620;626;639;647;823;603;607;606;610;613;655;605;705;607;611;609;603;608;598;592;596;610;591;582;576;576;583;586;568;555;554;553;544;540;524;514;493;482;545;443;;;;;;;184;23;41;20757;575;525;527;494;503;489;502;562;489;472;594;458;460;454;477;265;271;259;256;277;261;249;264;251;261;245;275;247;267;244;275;242;282;247;275;250;270;255;266;245;258;253;265;242;259;258;299;251;262;252;270;240;255;250;253;250;258;246;248;243;258;268;249;283;248;445;130;84;52281;1411;1114;713;715;695;801;990;686;680;647;661;666;684;643;652;661;647;640;659;707;632;638;647;630;631;662;644;645;623;626;631;615;621;619;613;638;629;612;634;675;628;617;625;635;613;612;609;631;619;613;612;615;624;618;610;629;599;602;606;605;609;593;596;598;598;586;594;575;573;579;593;563;575;554;547;656;534;654;533;532;580;;;;;;;;;;;;;;;;;;;212;23;22;20413;785;773;773;768;774;766;753;767;748;759;748;746;750;743;733;757;728;510;507;509;514;502;503;502;501;503;505;497;502;496;494;64;5;20;7467;222;204;205;186;181;187;180;177;189;178;171;189;167;164;162;91;95;96;93;106;92;92;103;91;90;95;96;119;92;91;90;102;91;99;90;94;90;93;90;91;92;94;92;93;89;90;88;88;86;86;87;86;88;106;86;86;89;86;98;89;88;89;89;85;89;96;7;13;10165;209;191;185;161;170;141;147;142;154;138;142;143;143;147;142;134;136;134;134;123;128;129;131;126;140;116;126;116;119;116;121;114;122;125;126;125;125;114;130;114;122;114;116;130;113;122;114;116;116;122;113;118;113;119;114;119;113;116;113;126;114;112;111;115;113;111;111;114;108;111;108;107;106;112;104;108;136;110;109;108;109;;;96;7;15;9891;403;367;349;345;352;345;369;291;251;276;245;242;246;240;245;242;267;248;242;240;231;241;234;232;328;231;246;229;239;229;229;233;234;228;246;236;19;5;8;2279;118;116;116;109;118;103;110;106;108;110;104;108;104;111;103;100;101;103;107;115;13;2;1;1467;83;72;66;63;59;55;55;53;49;48;74;53;48;48;48;48;48;47;47;47;47;47;50;51;50;56;33;4;17;4424;184;160;133;122;133;116;121;115;119;118;113;113;106;135;109;106;114;108;105;101;105;106;97;96;102;97;100;96;99;98;100;95;98;105;106;92;98;100;105
14.03.2021;Kreiswahl;06534014;;Universitätsstadt Marburg;124;124;39585;18426;0;58011;31887;17034;979;2419945;4363;960;781;491913;8871;7391;7139;7014;6809;7198;6958;6553;6823;7045;6433;6600;6362;6389;6386;6247;6283;6399;6322;6652;6284;6119;6126;6206;6116;6447;6311;5961;6070;6025;6249;5933;5985;5985;5890;5992;5890;6333;6101;5888;5909;5975;6035;6133;6146;5965;5869;5938;5847;5824;5860;5862;5879;5872;5751;5796;5774;5716;5777;5759;5731;5696;5698;5700;5660;5618;5613;5847;5612;5488;5774;5454;5385;5407;5319;5178;5185;5154;4825;7442;4655;;;;;;;5319;612;1655;626979;17633;16455;16929;16009;16483;15615;15801;15080;15463;15326;17507;14535;14279;13783;14091;8395;8510;8293;8432;8358;8367;7907;8297;7875;8098;7703;8161;7592;7889;7569;7851;7537;7731;7501;7912;7497;7689;7462;7728;7588;7690;7346;7519;7442;7470;7791;7494;7227;7459;7474;7494;7622;7344;7152;7318;7245;7478;7104;7376;7409;7546;7920;7977;7762;7462;5110;1506;972;619020;15652;11920;9159;9046;9051;8979;8555;8625;8595;8099;8587;8012;8070;7942;7874;7751;7940;8415;8045;7862;7596;7617;7629;7474;7839;7454;7605;7927;7758;7376;7427;7513;7428;7289;7371;7285;7480;7308;8187;7260;8130;7430;7745;7345;7252;7137;7333;7278;7566;7160;7338;7174;7552;7064;7202;7073;7288;7183;7104;7018;6975;6841;6889;6893;6873;6743;6775;6648;6618;6631;6665;6487;7252;6389;6401;8926;6196;8715;7135;5920;5674;;;;;;;;;;;;;;;;;;;782;153;88;84135;3383;3251;3246;3198;3185;3199;3133;3125;3199;3114;3085;3032;3055;3065;2987;3014;2969;2119;2183;2102;2089;2086;2078;2076;2060;2086;2062;1976;2020;2005;1966;810;158;153;99005;3230;2732;2906;2560;2456;2526;2531;2369;2664;2264;2207;2432;2236;2136;2205;1394;1572;1211;1213;1248;1207;1355;1455;1239;1264;1802;1197;1319;1225;1156;1222;1279;1204;1435;1165;1244;1251;1173;1172;1142;1158;1157;1108;1157;1122;1118;1150;1170;1121;1108;1092;1133;1109;1144;1124;1084;1148;1089;1171;1090;1097;1156;1109;1092;1100;2346;323;582;276900;5974;5110;5340;4634;5159;4429;4586;4231;4614;3948;4049;3775;4053;4323;3964;3506;3769;3488;3962;3500;3566;3350;3479;3316;3532;3312;3488;3263;3536;3212;3630;3252;3218;3253;3204;3367;3295;3121;3274;3105;3329;3234;3186;3322;3084;3286;3154;3187;3070;3219;3139;3183;3009;3176;2998;3084;3057;3361;2999;3620;2945;2910;2939;3001;2933;2875;2844;2865;2827;2863;2788;2798;2783;2902;2757;2703;3608;2919;2658;2545;2553;;;236;28;76;29087;1401;1213;1125;1059;1020;1028;1648;798;744;709;751;675;716;674;713;680;656;759;698;662;665;791;651;651;661;677;646;632;630;651;631;819;645;622;672;627;173;29;83;20518;1115;1056;1042;990;1012;967;965;992;979;967;938;954;1073;957;931;918;913;911;919;935;164;7;45;20457;1259;1027;1059;863;904;769;737;755;801;845;714;756;671;675;727;709;663;693;643;639;668;641;647;650;625;664;1055;140;443;151931;7336;5468;5540;4834;4984;4468;4821;4421;5030;4298;3847;3820;4177;4086;3622;3653;3752;3438;3597;3386;3433;3446;3411;3346;3345;3268;3185;3075;3164;3052;3128;3067;3069;3194;3248;2927;3034;2931;3125
14.03.2021;Kreiswahl;06534015;;Gemeinde Münchhausen;6;6;1945;781;0;2726;1618;743;58;118541;229;114;139;38693;742;597;492;496;564;1188;531;485;510;562;486;490;501;502;482;490;481;494;478;497;826;485;484;481;471;491;485;468;477;466;587;464;457;469;469;472;466;481;480;462;458;471;475;463;453;469;485;462;455;448;457;444;443;447;465;1096;433;427;426;421;413;418;413;422;872;391;385;413;387;367;353;347;332;362;340;288;345;267;267;356;248;;;;;;;103;10;32;12039;342;388;310;293;296;289;292;278;277;279;306;278;274;256;267;173;165;151;150;165;172;150;171;150;151;143;151;141;148;149;150;146;153;146;152;141;151;143;145;147;148;140;145;147;143;153;146;141;142;140;154;139;138;140;143;140;145;139;143;147;145;169;153;176;151;305;138;111;45326;1248;963;586;601;585;737;566;556;588;549;572;584;558;552;547;565;557;566;546;578;549;1512;557;588;553;548;548;566;543;544;549;550;549;541;539;545;537;532;571;540;559;542;532;534;529;526;530;625;550;528;518;517;533;506;511;509;514;497;501;492;492;483;508;487;474;464;468;450;447;1032;450;430;423;415;408;523;383;534;406;406;525;;;;;;;;;;;;;;;;;;;58;18;14;7320;308;286;285;281;284;274;271;271;268;268;262;260;262;262;260;270;256;184;183;183;180;182;182;179;185;174;178;174;176;175;174;53;10;33;7755;231;199;201;189;181;201;177;170;192;172;173;189;169;165;153;104;104;103;101;108;102;107;102;102;105;99;134;101;100;99;99;106;96;114;95;103;96;101;95;96;95;102;95;95;95;95;96;93;94;95;94;95;93;96;92;93;99;92;94;92;89;92;88;85;84;30;4;5;3259;94;55;63;51;53;49;54;42;54;42;51;47;52;45;48;40;47;43;47;40;45;41;44;38;45;38;45;39;46;38;39;39;38;38;40;39;38;36;41;36;40;38;37;36;34;37;40;35;34;35;33;37;36;34;33;34;33;34;33;34;33;33;35;39;33;33;32;49;33;32;32;32;32;33;36;35;47;36;32;31;34;;;8;0;2;954;63;46;37;43;33;31;47;26;36;25;23;23;22;23;20;20;19;27;20;20;24;23;19;18;22;20;19;18;19;20;20;23;23;22;21;19;5;1;2;582;32;33;33;31;31;29;25;25;26;27;26;26;25;26;25;26;26;27;27;27;4;0;4;627;33;29;24;24;26;24;24;26;26;28;25;23;21;22;21;24;20;21;18;21;20;20;22;23;20;20;16;1;7;1986;81;51;58;51;52;52;58;51;52;51;52;49;52;49;49;49;49;48;48;47;51;46;47;48;47;46;48;46;47;47;48;47;49;48;51;44;46;44;45
14.03.2021;Kreiswahl;06534016;;Stadt Neustadt (Hessen);9;9;4173;2240;0;6413;3202;2043;83;233055;634;418;240;103842;1751;1469;1470;1391;1311;1402;1329;1286;1343;1665;1300;1301;1311;1305;1299;1287;1277;1298;1333;1304;1299;2185;1292;1295;1368;1262;1261;1341;1286;1258;1311;1250;1284;1343;1267;1264;1261;1267;1318;1251;1291;1268;3391;1285;1274;1269;1249;1270;1244;1264;1266;1248;1245;1234;1239;1236;1233;1214;1223;1215;1512;1192;1182;1173;1176;1162;1153;1155;1130;1110;1109;1091;1062;1043;1074;965;953;873;858;951;665;;;;;;;97;6;62;13601;380;345;371;328;348;329;334;314;321;336;342;289;290;277;281;206;173;167;188;199;171;171;175;163;186;166;182;166;173;168;183;175;172;164;180;162;171;162;175;173;178;163;166;176;168;176;174;164;168;159;177;175;164;158;164;154;175;153;163;151;158;209;162;173;168;373;184;117;56583;2131;1398;748;864;744;789;706;716;705;1662;710;668;680;683;695;682;696;710;657;685;699;656;665;653;654;652;663;1883;683;696;712;685;641;660;633;653;641;663;935;633;655;634;748;682;628;625;633;631;647;674;628;620;657;613;623;624;624;599;604;765;614;590;587;591;588;573;583;601;562;561;551;532;523;506;507;748;464;553;465;446;435;;;;;;;;;;;;;;;;;;;244;27;37;24844;956;970;959;939;947;920;910;912;923;927;922;901;898;887;888;888;873;619;619;627;612;625;611;612;607;610;621;600;624;610;611;59;9;29;8047;231;204;221;258;201;198;185;179;204;173;225;181;166;191;163;97;131;127;96;98;121;103;101;93;99;94;109;98;113;121;101;104;97;106;96;116;114;97;96;94;94;103;92;102;95;90;94;99;90;89;92;90;94;90;87;101;96;93;87;85;124;89;84;86;103;43;6;10;4910;102;85;93;92;80;73;74;71;80;69;71;71;63;63;69;64;64;62;64;62;60;60;60;59;62;57;60;57;60;57;62;60;57;65;69;56;57;59;57;57;57;59;57;58;56;58;56;58;56;59;59;57;60;64;56;56;56;65;56;63;56;55;55;54;55;54;52;53;53;49;49;49;48;51;48;48;63;52;47;47;43;;;85;40;34;14683;496;482;939;452;428;425;449;322;338;329;344;527;326;324;331;318;314;341;338;314;326;328;310;685;309;617;305;617;314;317;304;310;292;298;303;286;11;1;14;1684;78;84;91;78;82;78;81;75;78;90;75;81;86;75;75;75;75;76;82;81;5;0;3;768;48;36;32;31;36;29;28;24;34;29;23;34;23;26;29;33;23;26;23;23;32;24;27;26;22;22;16;8;19;4093;149;120;121;99;273;98;115;98;117;89;96;87;95;94;117;88;98;89;87;84;100;94;90;90;92;82;169;173;81;72;75;71;78;75;79;68;69;67;67
14.03.2021;Kreiswahl;06534017;;Stadt Rauschenberg;9;9;2505;1069;0;3574;1898;1060;78;138663;323;110;85;41975;766;654;591;536;528;664;534;518;546;668;517;527;917;520;519;506;511;530;521;539;535;508;510;513;558;517;537;516;518;500;513;500;501;525;500;510;512;511;516;497;518;517;542;509;513;492;500;508;497;697;506;494;484;495;748;483;484;482;482;487;474;467;465;460;461;457;455;467;449;447;441;436;426;433;858;402;400;390;401;487;352;;;;;;;131;26;34;16385;441;401;409;396;410;380;396;362;378;477;439;357;361;332;347;240;227;195;206;204;203;191;238;194;236;187;201;187;206;186;197;182;192;181;202;183;192;190;199;192;197;178;205;633;195;192;205;191;188;178;193;189;186;177;188;179;195;177;188;189;185;257;213;236;189;331;147;70;45198;1395;1037;622;654;623;687;589;597;595;594;593;571;587;564;775;633;601;560;571;567;560;566;549;532;562;528;547;730;550;599;548;530;528;523;531;527;526;526;621;529;553;525;532;602;521;518;516;542;540;526;519;524;545;526;518;514;509;508;503;519;494;502;505;487;500;483;528;483;478;482;466;456;471;464;448;590;411;563;462;424;414;;;;;;;;;;;;;;;;;;;111;14;16;11377;442;438;434;427;424;419;421;423;412;427;453;411;417;411;406;426;397;282;283;280;278;281;276;275;275;284;285;269;291;282;266;49;7;17;6484;183;178;191;168;170;161;151;147;160;138;148;150;141;146;139;84;104;80;77;85;76;95;85;77;85;91;76;84;87;85;77;83;82;100;78;134;83;78;81;72;75;88;72;82;86;71;72;78;78;73;71;78;78;74;76;71;75;73;80;69;79;77;68;68;80;39;4;14;4968;127;93;108;86;116;86;81;78;81;71;71;59;78;71;71;65;61;59;74;59;59;58;58;58;59;58;60;57;66;55;72;57;54;57;58;61;58;54;57;54;59;55;56;61;64;65;54;55;53;57;59;55;53;54;56;54;60;57;53;65;56;53;53;56;53;52;52;51;52;55;49;49;47;47;50;44;61;42;42;46;48;;;72;6;15;7474;306;289;283;273;270;265;285;192;189;186;188;186;186;183;187;184;186;198;187;192;182;200;181;182;179;186;176;188;174;174;182;176;172;172;185;170;11;0;7;1359;67;63;63;63;63;66;66;71;63;62;62;62;74;65;62;65;60;62;62;68;13;0;1;1411;74;74;67;59;55;50;54;53;59;64;50;49;47;45;47;52;44;49;45;44;46;50;47;44;53;44;15;0;8;2032;98;71;68;66;62;64;57;57;53;46;45;45;51;48;46;45;54;44;60;42;49;47;45;42;46;39;48;45;46;38;47;44;45;44;51;43;41;41;56
14.03.2021;Kreiswahl;06534018;;Stadt Stadtallendorf;20;20;11657;2887;0;14544;5348;2716;245;388735;1045;326;255;129974;2646;1989;1903;2230;1698;1865;1716;1658;1690;2030;1613;1707;1692;1626;1649;1593;1601;1652;2134;1678;1621;1680;1652;1655;1705;1593;1638;2329;1588;1568;1595;1593;1960;1688;1546;1601;1565;1573;1616;1546;1605;1564;1861;1567;1554;1546;1528;1577;1529;1560;1559;1558;1532;1499;1529;1509;1489;1483;1471;1495;1551;1441;1458;1453;1432;1413;1410;1441;1416;1379;1380;1828;1340;1302;1327;1250;1246;1236;1203;1641;1130;;;;;;;244;22;94;30276;873;791;812;759;758;738;737;704;729;773;764;670;654;638;669;467;402;393;406;408;386;367;391;368;398;451;382;359;361;368;380;363;372;354;366;361;364;378;367;352;393;354;365;394;371;379;386;400;372;348;383;383;361;351;367;345;371;350;352;350;356;436;373;410;350;874;492;150;124928;3081;2473;1648;2675;1619;1771;1552;1803;1528;1617;1522;1486;1526;1496;1510;1552;1550;1567;1481;1490;1926;1491;1481;1441;1469;1454;1455;1816;1456;1538;2340;1488;1450;1446;1427;1421;1446;2188;2293;1413;1469;1425;1415;1618;1434;1393;1404;1437;1453;2112;1400;1399;1441;1387;1410;1376;1385;1369;1375;2496;1374;1368;1372;1348;1337;1315;1360;1728;1290;1285;1278;1271;1271;1233;1294;1524;1174;1285;1167;1101;969;;;;;;;;;;;;;;;;;;;367;60;38;37421;1464;1419;1434;1394;1393;1379;1368;1369;1360;1369;1396;1360;1379;1358;1351;1364;1342;942;942;942;934;922;931;929;920;927;924;915;932;924;912;218;105;72;34266;851;803;804;1556;768;825;747;737;934;718;1071;727;679;1175;627;404;434;709;390;396;586;403;411;385;407;387;391;403;397;707;383;378;388;435;380;438;387;382;386;387;402;401;384;394;378;373;385;386;372;371;468;370;374;372;369;518;379;376;387;363;548;370;361;363;644;107;14;22;12154;245;212;220;202;220;201;188;176;175;168;160;205;160;154;153;158;153;151;148;150;151;151;148;148;162;162;157;160;153;148;150;153;143;142;193;147;141;140;146;144;140;142;138;143;138;142;139;138;138;144;138;142;138;137;140;138;136;151;136;147;136;138;134;138;140;132;129;131;127;127;126;126;124;126;122;125;157;124;118;119;112;;;45;25;11;6531;266;254;263;231;236;219;247;155;171;161;159;149;145;148;148;149;148;219;154;163;223;242;150;152;144;153;147;167;152;151;150;152;151;147;151;145;23;4;8;2440;128;133;127;123;127;115;110;106;111;112;116;113;113;121;113;109;108;108;108;121;19;0;5;2027;79;80;77;84;78;74;75;77;78;77;77;79;74;75;74;71;72;75;71;71;72;72;71;73;73;74;72;4;24;8718;340;253;261;250;258;249;244;240;238;238;227;229;230;235;217;212;218;210;208;207;220;208;202;203;205;199;200;202;195;193;198;192;191;204;197;187;186;199;191
14.03.2021;Kreiswahl;06534019;;Gemeinde Steffenberg;7;7;2473;725;0;3198;1497;686;57;109097;201;48;33;23500;438;350;308;307;293;307;349;292;344;333;310;307;284;353;347;296;307;303;278;293;279;274;276;274;281;276;289;272;276;291;277;601;277;281;344;280;277;280;278;274;278;297;275;361;280;279;276;291;278;281;273;271;273;272;274;273;269;290;283;267;268;289;269;265;267;268;262;268;264;395;257;251;252;251;252;245;242;246;238;233;221;;;;;;;75;4;26;8976;266;241;246;230;233;228;232;209;217;203;225;196;201;187;202;121;122;117;121;132;114;112;118;108;120;106;122;107;114;116;116;107;115;103;109;107;108;116;118;104;109;103;111;107;108;108;108;103;114;106;108;107;104;104;106;103;109;102;107;102;111;132;110;119;106;283;109;56;35652;982;690;499;483;466;729;449;466;451;444;442;524;444;441;440;429;438;428;439;540;430;436;436;429;428;464;428;440;427;423;421;421;421;535;420;544;420;419;434;416;436;422;415;422;416;511;413;433;418;413;415;415;419;409;407;415;402;404;403;399;428;400;402;401;394;389;392;383;507;386;381;389;371;375;367;409;417;384;351;339;384;;;;;;;;;;;;;;;;;;;156;47;20;17747;719;756;659;712;657;654;654;647;648;653;643;631;631;633;645;624;617;438;448;436;454;438;433;436;453;431;429;429;433;436;433;44;2;13;4856;125;117;125;127;123;122;116;118;118;120;107;110;112;109;105;59;61;61;60;60;60;60;64;61;60;60;62;60;59;61;61;62;63;65;61;62;61;61;63;59;61;61;59;60;60;59;59;61;59;59;62;64;60;59;62;61;64;62;60;60;59;63;59;62;60;50;4;15;5596;97;76;83;70;77;74;74;72;84;73;74;72;70;69;70;71;70;69;71;72;72;86;70;70;70;69;70;69;70;69;69;68;69;71;68;73;72;68;71;68;70;68;72;70;68;72;68;69;68;72;68;68;67;68;67;68;70;68;67;70;67;67;67;73;67;67;67;67;67;65;64;63;64;61;60;58;58;58;53;53;52;;;70;16;27;9276;495;398;319;333;320;313;294;255;241;226;231;221;221;366;264;228;221;224;220;215;219;216;215;213;214;221;230;214;231;216;211;209;215;209;222;203;15;1;8;1976;93;94;94;92;96;93;96;92;95;96;92;94;93;96;98;93;89;95;96;95;4;0;5;725;33;28;27;29;27;27;28;30;27;26;28;27;26;27;27;26;26;27;26;26;27;25;28;25;22;26;5;0;3;793;52;26;33;20;27;20;29;20;27;23;20;16;19;17;19;17;20;16;19;17;16;20;19;18;18;16;19;15;17;15;17;15;16;18;15;15;18;13;16
14.03.2021;Kreiswahl;06534020;;Gemeinde Weimar (Lahn);14;14;3872;1933;0;5805;3342;1809;106;248226;535;165;112;65730;1188;1032;929;898;861;1008;932;1191;907;974;850;935;857;864;835;824;851;857;841;877;834;813;817;859;822;830;828;789;807;804;813;789;784;800;781;811;777;797;824;788;785;804;827;803;865;1236;786;788;768;770;784;775;775;780;768;761;755;750;758;745;739;752;1001;736;731;718;706;748;736;695;710;681;674;678;694;648;663;626;601;864;568;;;;;;;370;24;84;40901;1181;1081;1110;1028;1071;1024;1026;986;1023;983;1149;939;922;897;941;544;553;527;535;545;529;497;542;577;519;490;513;485;511;485;508;489;507;484;498;481;500;482;500;479;507;472;495;499;489;523;493;468;497;475;500;507;477;469;481;469;486;466;485;484;475;551;523;532;474;557;252;111;75457;2033;1559;1051;1028;1084;1141;999;1006;959;927;969;917;955;919;915;900;958;940;938;976;912;950;1005;872;932;894;940;948;921;892;901;897;885;874;881;867;902;857;935;1460;940;872;888;885;869;870;875;895;891;871;870;871;912;886;919;867;869;849;877;839;851;834;836;853;826;1007;854;790;792;816;1217;776;858;765;781;1019;733;1037;790;720;788;;;;;;;;;;;;;;;;;;;134;27;12;14336;560;560;546;550;534;544;530;536;525;522;523;522;520;536;520;523;506;364;363;361;358;354;358;359;348;352;347;340;346;346;338;110;29;33;15433;406;377;385;356;359;371;354;333;369;341;323;642;321;306;294;203;207;180;188;379;184;179;209;185;188;211;172;465;172;171;170;196;206;224;170;197;185;274;168;168;174;190;171;169;170;164;173;172;163;162;168;172;163;397;167;161;176;159;188;158;173;180;163;157;159;140;11;31;15514;329;298;298;263;294;255;236;219;256;211;223;207;211;225;206;190;204;185;213;192;197;183;194;183;191;180;203;183;196;177;190;197;187;179;184;181;187;174;184;174;183;176;179;197;171;187;170;179;175;186;178;182;169;193;175;179;172;190;168;206;179;168;168;169;169;166;168;167;167;166;163;162;159;175;155;151;202;165;146;150;145;;;72;7;25;8696;352;324;305;307;295;299;390;238;219;235;224;216;226;215;220;213;209;252;215;207;214;207;205;207;209;207;203;205;208;208;205;261;196;201;200;197;20;1;14;2520;137;123;114;120;116;116;116;114;136;115;119;120;134;131;122;114;114;112;109;118;14;1;3;1678;103;95;63;84;66;63;56;67;85;60;91;58;55;52;53;53;53;53;50;49;52;55;52;54;50;55;54;5;30;7961;349;272;290;245;265;233;234;214;245;213;198;204;211;197;191;186;193;190;185;188;190;192;181;177;184;170;168;167;174;174;170;163;162;175;168;157;158;183;173
14.03.2021;Kreiswahl;06534021;;Stadt Wetter (Hessen);16;16;5393;1756;0;7149;3522;1625;167;256134;494;168;132;62977;1269;957;820;818;1474;1260;894;783;855;880;790;801;788;815;775;783;776;797;772;789;807;760;758;757;755;768;778;748;763;763;1203;748;749;741;748;743;745;761;784;736;736;774;795;786;744;749;763;747;737;726;765;732;734;751;749;836;714;715;718;705;707;710;701;730;735;682;672;716;730;666;669;649;644;825;644;603;954;582;576;757;538;;;;;;;301;47;93;37130;1074;1007;957;923;959;881;1055;865;887;881;1031;855;1031;801;864;506;517;491;497;566;477;452;508;467;479;449;475;460;452;437;442;439;450;439;446;432;452;429;444;429;439;429;451;441;427;448;461;420;434;421;447;438;431;416;429;422;450;413;418;422;427;530;456;513;432;791;307;134;99627;2682;1953;1366;1361;1321;1577;1303;1295;1384;1257;1281;1342;1301;1227;1250;1364;1249;1257;1241;1249;1224;1456;1241;1545;1207;1211;1214;1252;1208;1216;1204;1200;1241;1195;1183;1205;1181;1184;1210;1187;1240;1174;1159;1203;1156;1159;1157;1353;1188;1170;1154;1180;1174;1144;1170;1140;1147;1129;1140;1138;1134;1118;1168;1107;1163;1108;1098;1082;1079;1210;1053;1051;1091;1043;1017;1298;985;1231;1040;946;1106;;;;;;;;;;;;;;;;;;;164;30;15;17322;685;655;645;642;639;653;637;645;647;640;630;628;634;627;619;632;614;436;437;434;434;433;434;433;431;433;435;416;420;426;422;102;25;37;13314;392;333;355;315;309;335;297;296;317;304;293;315;288;284;276;185;183;167;169;173;164;172;186;163;180;178;423;181;161;159;165;160;168;196;163;200;172;165;155;165;162;173;155;156;154;158;156;163;155;155;158;152;154;156;151;153;155;152;163;147;150;162;146;152;148;133;16;17;14143;338;240;269;223;248;217;209;197;213;187;196;184;194;198;188;175;184;177;196;176;180;180;176;173;177;167;180;163;167;161;173;167;168;163;164;167;167;161;166;161;165;171;162;162;160;169;161;162;162;167;161;162;162;163;159;166;163;166;158;178;166;157;156;157;165;156;155;161;157;157;153;153;151;167;147;146;196;148;148;143;135;;;36;3;12;4453;238;166;167;155;157;155;196;112;133;121;125;112;114;112;115;108;108;112;105;99;102;103;100;104;98;105;101;101;104;101;98;121;101;104;99;96;13;5;11;2094;109;104;110;97;107;109;101;100;106;105;90;102;98;97;98;91;94;91;94;96;14;0;4;1653;79;97;88;58;71;64;57;58;63;61;58;59;57;57;54;55;57;62;53;59;56;56;53;53;55;52;20;1;17;3421;196;138;140;117;118;105;115;102;108;114;90;88;87;88;85;91;77;81;71;74;72;72;77;71;68;71;67;64;71;61;61;61;65;81;64;59;65;59;62
14.03.2021;Kreiswahl;06534022;;Gemeinde Wohratal;5;5;1202;609;0;1811;1066;581;64;76300;126;75;30;18715;374;367;287;260;249;345;256;246;247;308;234;254;322;243;238;230;232;240;236;239;230;232;223;218;246;225;228;217;232;220;226;217;214;235;215;224;300;222;245;213;219;223;275;238;224;218;219;221;212;217;226;212;216;212;244;216;213;210;216;217;203;203;202;205;210;203;206;197;199;196;201;193;188;184;248;178;171;180;353;207;151;;;;;;;70;7;28;8688;248;225;226;210;217;214;203;210;206;234;232;190;185;187;186;134;109;114;110;112;106;107;129;107;142;109;109;103;103;103;103;103;106;103;103;103;106;109;103;102;102;105;108;179;102;102;105;102;102;102;102;102;102;101;101;100;100;100;100;103;102;130;108;119;101;212;127;43;29915;804;562;389;424;389;408;389;386;379;386;369;370;373;371;385;736;404;380;372;383;369;378;372;360;362;362;369;431;366;399;363;372;355;356;359;351;350;358;425;359;361;349;353;382;349;347;349;352;363;354;352;345;374;356;354;340;347;336;339;340;336;333;335;338;342;325;522;325;320;315;312;309;315;307;293;410;270;327;289;253;222;;;;;;;;;;;;;;;;;;;92;7;12;8858;336;340;338;335;334;338;333;337;331;338;327;317;320;316;315;320;312;218;217;221;217;217;217;217;217;218;217;217;219;223;218;22;2;5;2468;71;63;65;68;59;58;56;56;65;58;60;62;55;51;54;29;35;29;29;29;29;29;32;29;29;29;29;29;29;29;34;39;29;35;29;47;38;29;29;29;32;31;29;29;29;32;29;29;29;29;29;29;32;29;29;28;31;28;39;28;31;28;28;28;39;29;1;14;3749;81;72;68;66;59;59;55;54;53;56;53;49;49;49;51;54;48;48;48;48;51;48;48;45;48;45;45;51;45;48;45;48;45;45;45;45;48;45;48;45;47;51;45;45;45;48;44;44;44;47;44;44;44;44;44;47;44;44;42;51;42;42;42;41;40;40;42;39;39;35;35;35;33;36;33;32;54;32;29;35;32;;;17;1;3;1731;70;66;67;66;65;61;70;42;42;42;42;42;42;42;42;42;42;45;42;42;42;42;42;42;42;42;42;42;42;42;42;45;42;42;42;42;7;0;0;564;26;27;27;26;26;26;26;26;32;26;26;27;26;32;26;26;26;26;26;26;5;1;1;637;32;30;24;30;21;24;21;33;24;27;27;24;21;21;21;23;20;21;23;20;23;20;20;20;23;20;9;0;1;975;61;39;41;30;33;26;27;30;33;27;23;23;24;30;21;24;23;20;20;20;21;20;20;20;20;20;20;20;20;20;20;20;19;19;19;19;19;23;21
