datum;wahl;ags;gebiet-nr;gebiet-name;max-schnellmeldungen;anz-schnellmeldungen;A1;A2;A3;A;B;B1;C;D;unveraendert_1;veraendert_1;panasch_1;D1;D1_1;D1_2;D1_3;D1_4;D1_5;D1_6;D1_7;D1_8;D1_9;D1_10;D1_11;D1_12;D1_13;D1_14;D1_15;D1_16;D1_17;D1_18;D1_19;D1_20;D1_21;D1_22;D1_23;D1_24;D1_25;D1_26;D1_27;D1_28;D1_29;D1_30;D1_31;D1_32;D1_33;D1_34;D1_35;D1_36;D1_37;D1_38;D1_39;D1_40;D1_41;D1_42;D1_43;D1_44;D1_45;D1_46;D1_47;D1_48;D1_49;D1_50;D1_51;D1_52;D1_53;D1_54;D1_55;D1_56;D1_57;D1_58;D1_59;D1_60;D1_61;D1_62;D1_63;D1_64;D1_65;D1_66;D1_67;D1_68;D1_69;D1_70;D1_71;unveraendert_2;veraendert_2;panasch_2;D2;D2_1;D2_2;D2_3;D2_4;D2_5;D2_6;D2_7;D2_8;D2_9;D2_10;D2_11;D2_12;D2_13;D2_14;D2_15;D2_16;D2_17;D2_18;D2_19;D2_20;D2_21;D2_22;D2_23;D2_24;D2_25;D2_26;D2_27;D2_28;D2_29;D2_30;D2_31;D2_32;D2_33;D2_34;D2_35;D2_36;D2_37;D2_38;D2_39;D2_40;D2_41;D2_42;D2_43;D2_44;D2_45;D2_46;D2_47;D2_48;D2_49;D2_50;D2_51;D2_52;D2_53;D2_54;D2_55;D2_56;D2_57;unveraendert_3;veraendert_3;panasch_3;D3;D3_1;D3_2;D3_3;D3_4;D3_5;D3_6;D3_7;D3_8;D3_9;D3_10;D3_11;D3_12;D3_13;D3_14;D3_15;D3_16;D3_17;D3_18;D3_19;D3_20;D3_21;D3_22;D3_23;D3_24;D3_25;D3_26;D3_27;D3_28;D3_29;D3_30;D3_31;D3_32;D3_33;D3_34;D3_35;D3_36;D3_37;D3_38;D3_39;D3_40;D3_41;D3_42;D3_43;D3_44;D3_45;D3_46;D3_47;D3_48;D3_49;D3_50;D3_51;D3_52;D3_53;D3_54;D3_55;D3_56;D3_57;D3_58;unveraendert_4;veraendert_4;panasch_4;D4;D4_1;D4_2;D4_3;D4_4;D4_5;D4_6;D4_7;D4_8;D4_9;D4_10;unveraendert_5;veraendert_5;panasch_5;D5;D5_1;D5_2;D5_3;D5_4;D5_5;D5_6;D5_7;D5_8;D5_9;D5_10;D5_11;D5_12;D5_13;D5_14;D5_15;D5_16;D5_17;D5_18;D5_19;D5_20;D5_21;D5_22;D5_23;D5_24;D5_25;D5_26;D5_27;D5_28;D5_29;D5_30;D5_31;D5_32;D5_33;D5_34;D5_35;D5_36;D5_37;D5_38;D5_39;D5_40;D5_41;D5_42;D5_43;unveraendert_7;veraendert_7;panasch_7;D7;D7_1;D7_2;D7_3;D7_4;D7_5;D7_6;D7_7;D7_8;D7_9;D7_10;D7_11;D7_12;D7_13;D7_14;D7_15;D7_16;D7_17;D7_18;D7_19;D7_20;D7_21;D7_22;D7_23;D7_24;D7_25;D7_26;D7_27;D7_28;D7_29;D7_30;D7_31;D7_32;D7_33;D7_34;D7_35;D7_36;D7_37;D7_38;D7_39;D7_40;D7_41;D7_42;D7_43;D7_44;D7_45;D7_46;D7_47;D7_48;D7_49;D7_50;D7_51;D7_52;D7_53;D7_54;D7_55;D7_56;D7_57;D7_58;D7_59;D7_60;D7_61;D7_62;D7_63;D7_64;D7_65;D7_66;D7_67;D7_68;D7_69;D7_70;unveraendert_8;veraendert_8;panasch_8;D8;D8_1;D8_2;D8_3;D8_4;D8_5;D8_6;D8_7;D8_8;D8_9;D8_10;D8_11;D8_12;D8_13;D8_14;D8_15;D8_16;D8_17;D8_18;D8_19;D8_20;D8_21;D8_22;D8_23;D8_24;D8_25;D8_26;D8_27;unveraendert_9;veraendert_9;panasch_9;D9;D9_1;D9_2;D9_3;D9_4;D9_5;D9_6;D9_7;D9_8;D9_9;D9_10;D9_11;D9_12;D9_13;D9_14;D9_15;D9_16;unveraendert_10;veraendert_10;panasch_10;D10;D10_1;D10_2;D10_3;D10_4;D10_5;D10_6;D10_7;D10_8;D10_9;D10_10;D10_11;D10_12;D10_13;D10_14;D10_15;D10_16;D10_17;D10_18;D10_19;D10_20;D10_21;D10_22;D10_23;D10_24;D10_25;D10_26;D10_27;D10_28;D10_29;D10_30;unveraendert_11;veraendert_11;panasch_11;D11;D11_1;D11_2;D11_3;D11_4;D11_5;D11_6;D11_7;D11_8;D11_9;unveraendert_12;veraendert_12;panasch_12;D12;D12_1;D12_2;D12_3;D12_4;D12_5;D12_6;D12_7;D12_8;D12_9;D12_10;D12_11;D12_12;unveraendert_13;veraendert_13;panasch_13;D13;D13_1;D13_2;D13_3;D13_4;D13_5;D13_6;D13_7;D13_8;D13_9;D13_10;D13_11;D13_12;D13_13;D13_14
14.03.2021;Stadtverordnetenwahl;06534014;;Altstadt;5;5;1909;903;0;2812;1608;828;42;89852;62;26;29;7233;293;186;165;170;157;150;133;130;148;155;133;144;126;126;132;134;130;172;130;128;129;122;125;118;129;119;119;115;112;131;111;130;112;108;110;113;111;110;111;113;110;105;107;105;103;101;109;100;98;102;93;97;88;97;88;90;77;89;84;;;;;;;;;;;;;287;56;145;31357;1357;812;844;741;796;763;718;677;665;652;668;577;648;591;578;584;582;614;585;532;532;516;520;551;531;513;498;486;505;505;476;462;453;478;505;471;439;460;466;470;435;457;434;466;433;460;409;426;424;417;390;434;382;427;413;393;394;109;30;52;13269;701;405;332;408;286;331;269;297;253;258;229;250;265;300;296;233;315;224;207;223;200;221;238;197;245;236;183;205;196;232;184;214;178;185;190;186;181;176;167;172;177;179;167;172;169;165;162;159;173;192;157;197;160;172;148;162;146;190;9;2;5;669;66;66;63;63;63;63;59;60;56;55;32;6;6;2945;157;113;132;120;111;110;91;90;107;85;84;82;94;87;80;64;62;52;57;51;55;53;51;55;52;45;44;44;48;45;58;46;46;44;42;45;42;47;42;42;42;41;41;153;26;83;16884;622;523;560;449;502;365;413;375;401;416;366;343;333;306;297;294;284;272;307;264;275;257;266;247;282;248;275;238;260;252;249;267;247;260;244;256;237;255;230;241;249;232;232;248;222;232;220;220;234;218;212;219;209;197;203;226;194;166;173;;;;;;;;;;;;23;10;14;2986;209;162;148;139;126;125;111;106;108;109;105;117;122;98;97;95;96;82;85;99;89;85;82;74;75;75;75;5;0;6;955;119;96;86;56;59;55;61;44;48;41;46;40;37;40;46;39;100;12;57;12029;646;655;594;580;532;557;464;483;386;424;373;403;422;350;355;370;338;328;349;330;314;321;315;353;330;294;285;290;182;181;2;0;5;314;44;35;32;28;28;27;30;25;33;4;3;4;649;62;70;58;49;53;47;45;51;45;38;45;40;5;0;4;562;90;49;52;33;30;36;32;30;29;29;30;28;32;29
14.03.2021;Stadtverordnetenwahl;06534014;;Bauerbach;2;2;684;359;0;1043;595;595;13;32442;92;59;29;10798;419;246;226;232;199;188;188;259;216;183;194;190;190;187;189;175;212;178;179;201;199;192;212;187;173;234;174;170;177;182;184;167;175;170;166;187;165;180;164;167;164;264;181;164;162;165;152;156;154;155;146;148;140;146;135;132;122;114;122;;;;;;;;;;;;;87;8;27;7626;361;166;206;159;162;163;156;143;146;147;162;138;140;132;138;132;138;130;188;124;124;124;124;135;122;123;118;119;122;120;117;127;131;119;116;118;118;118;118;115;113;114;136;114;106;106;105;105;106;106;106;112;100;109;118;100;119;74;36;21;8355;311;220;179;176;156;193;159;166;159;154;172;151;153;165;133;132;139;136;135;126;144;194;139;129;132;137;138;142;126;131;126;141;126;129;128;131;125;130;134;123;128;132;118;119;126;121;119;116;114;112;122;124;134;115;112;107;109;166;11;4;7;789;72;72;72;69;97;69;69;72;66;66;11;1;6;1195;67;53;48;37;36;37;38;34;35;37;34;44;36;30;36;20;19;19;19;19;26;22;19;19;19;19;22;19;19;23;28;18;18;20;18;19;18;21;18;26;23;26;17;19;2;1;1556;58;47;65;43;37;35;36;29;36;27;24;31;23;23;27;26;46;25;26;24;22;22;22;23;26;22;23;22;22;23;22;23;21;21;21;21;21;28;21;26;21;24;24;23;21;23;21;23;24;21;23;24;21;22;21;21;21;19;19;;;;;;;;;;;;4;0;3;516;86;30;21;24;29;14;20;14;15;18;13;13;15;13;13;13;16;16;13;16;19;12;14;12;11;11;14;2;0;0;176;21;18;8;8;11;8;14;8;11;8;8;8;8;8;13;8;6;3;9;1096;63;66;48;57;48;58;46;43;36;42;32;31;31;37;30;34;33;29;32;31;33;31;27;27;30;25;23;22;16;16;0;0;0;0;0;0;0;0;0;0;0;0;0;1;0;0;75;5;10;6;3;9;6;12;3;3;3;3;6;4;0;0;260;43;18;21;15;15;14;14;17;14;14;15;17;15;14
14.03.2021;Stadtverordnetenwahl;06534014;;Bortshausen;2;2;130;64;0;194;127;60;8;6598;20;10;4;1976;66;49;44;43;48;35;33;39;40;33;33;33;33;36;33;33;32;32;34;38;32;38;40;32;35;32;32;31;31;31;31;31;31;31;31;37;31;31;31;31;31;39;31;31;31;31;31;29;29;29;29;29;29;28;34;31;25;22;20;;;;;;;;;;;;;14;1;3;1073;49;19;24;21;18;18;18;23;18;20;18;19;18;18;18;18;18;18;18;18;18;18;24;26;18;18;24;17;18;18;17;17;17;17;17;17;17;17;17;17;17;17;17;17;17;16;16;16;19;16;16;15;15;15;15;15;18;22;7;2;1810;58;43;30;32;30;29;35;29;37;29;29;29;32;31;29;29;32;29;29;29;29;29;32;29;31;32;29;29;29;29;35;29;29;29;29;35;29;29;35;29;29;29;29;29;29;28;28;28;28;28;29;31;28;28;33;33;27;31;6;1;0;231;21;21;21;21;21;21;21;21;21;21;6;1;0;413;14;14;14;14;14;14;14;14;14;14;14;14;12;14;14;8;8;8;8;8;6;8;8;6;6;8;8;8;7;7;6;7;7;7;7;7;7;6;7;6;7;6;7;1;1;2;258;15;9;12;9;5;4;7;4;4;7;4;4;4;7;4;4;4;4;4;4;4;4;4;4;4;4;7;4;4;4;4;4;4;4;7;4;7;4;4;4;4;4;7;4;4;4;4;3;3;3;2;1;1;1;1;1;1;1;1;;;;;;;;;;;;1;0;2;195;16;13;10;12;9;6;6;6;9;6;6;6;6;9;6;6;8;8;5;5;5;5;4;4;4;4;4;0;0;1;50;3;3;3;3;3;3;3;3;3;3;3;3;3;3;3;3;3;1;2;366;13;16;12;16;13;19;12;13;12;15;13;17;12;13;12;12;12;12;12;11;11;11;11;11;10;9;9;9;6;6;0;0;0;0;0;0;0;0;0;0;0;0;0;0;1;0;39;3;3;3;3;3;3;3;3;3;3;3;3;3;1;0;187;19;12;12;12;12;12;12;12;12;12;12;12;12;12
14.03.2021;Stadtverordnetenwahl;06534014;;Campusviertel;4;4;1302;642;0;1944;1104;568;15;62489;68;28;24;7447;300;190;159;167;150;153;141;135;153;151;137;150;127;155;142;140;129;128;128;127;150;121;140;123;132;118;117;128;112;138;112;129;112;109;117;114;112;116;116;111;115;111;118;108;104;106;101;109;122;105;97;110;94;99;90;92;78;92;107;;;;;;;;;;;;;217;45;100;22130;881;516;537;457;522;532;484;455;451;433;433;392;465;430;410;404;403;430;404;369;392;373;387;402;390;369;361;349;364;351;362;352;336;349;362;344;336;340;334;345;326;331;324;320;311;336;308;316;330;310;289;310;298;300;298;285;273;82;33;32;9423;455;274;215;249;197;224;189;215;182;187;182;179;190;194;180;169;218;144;137;146;134;151;145;138;173;168;137;149;141;180;132;143;137;135;142;145;139;134;126;126;133;141;131;125;133;122;119;120;129;134;123;144;125;110;122;126;107;141;6;1;5;470;46;45;48;45;42;42;39;42;43;39;16;2;4;1737;123;77;88;86;65;74;63;56;60;57;46;47;59;45;45;29;31;30;25;23;42;28;26;29;24;23;22;22;22;23;29;23;22;25;22;23;31;24;21;28;21;26;27;109;11;52;11626;439;391;425;340;358;287;312;263;282;308;287;246;230;206;222;226;216;201;231;188;192;171;189;170;182;162;186;164;175;158;167;175;157;165;156;169;158;171;146;150;150;146;137;148;138;142;139;137;151;135;133;152;131;132;126;149;119;123;117;;;;;;;;;;;;12;1;3;1248;123;68;63;52;67;58;49;48;37;43;37;37;45;35;34;34;34;37;35;37;35;31;31;32;31;31;44;5;2;9;941;101;79;68;65;67;61;58;42;49;42;42;41;49;40;48;41;46;5;27;6365;375;404;320;322;275;328;295;290;207;213;180;198;201;170;170;206;148;159;183;163;178;154;147;173;180;143;136;149;91;95;2;0;0;161;25;21;44;11;9;8;11;11;11;4;0;5;507;49;50;41;41;44;37;37;37;37;34;37;30;2;2;1;434;98;36;39;30;27;22;21;18;21;20;18;21;19;18
14.03.2021;Stadtverordnetenwahl;06534014;;Cappel;9;9;3460;1862;0;5322;3000;1733;59;161149;423;182;95;41120;1505;854;954;869;802;767;821;732;822;739;719;722;710;727;715;683;742;706;685;754;732;686;734;689;676;671;683;673;648;783;665;656;654;646;663;691;637;665;638;641;680;664;646;637;640;644;616;627;629;735;598;598;618;571;552;623;522;478;483;;;;;;;;;;;;;382;74;147;37034;1730;784;949;724;785;742;766;745;713;742;759;660;686;688;773;662;663;639;698;648;629;621;605;665;608;617;609;602;596;584;578;648;583;585;561;556;550;587;555;567;539;535;539;534;529;535;519;510;516;516;514;571;500;551;645;477;591;438;207;128;46499;1561;1221;926;925;830;1055;852;868;812;807;802;855;825;1114;766;766;809;778;769;751;757;764;736;779;792;816;744;741;717;783;730;724;716;740;715;710;812;702;732;698;720;749;692;676;679;664;645;651;638;643;640;792;974;624;649;620;606;1006;62;12;25;3622;352;353;343;330;328;322;325;321;314;319;39;17;28;6006;444;258;250;222;198;190;164;178;160;177;212;164;156;145;162;113;101;94;95;93;125;111;116;110;97;98;94;94;111;115;112;88;79;85;80;94;91;95;80;92;118;150;89;121;25;50;12521;452;473;534;315;304;261;264;224;253;263;242;227;226;210;216;248;218;212;212;193;204;196;216;190;220;186;254;181;192;214;178;194;192;194;174;187;179;179;195;176;168;165;174;163;162;175;162;180;169;159;154;182;152;154;145;194;150;133;132;;;;;;;;;;;;53;10;26;5857;544;316;294;257;255;219;210;187;202;203;189;190;183;202;185;183;183;175;161;190;166;164;158;158;158;160;179;9;0;7;1113;157;89;76;69;69;61;65;51;58;50;56;49;49;49;66;51;40;11;30;5676;358;355;291;287;247;323;237;221;175;190;182;196;180;165;155;166;152;150;153;144;139;139;133;154;142;130;132;124;82;84;1;0;0;191;35;23;41;20;17;13;7;10;19;9;0;7;1009;82;116;90;79;81;71;71;63;82;67;67;72;6;0;1;501;118;36;39;27;30;32;23;28;28;26;22;22;23;22
14.03.2021;Stadtverordnetenwahl;06534014;;Cyriaxweimar;2;2;332;98;0;430;270;91;6;14421;48;21;6;4445;156;86;91;100;109;83;93;88;85;81;82;81;96;94;77;75;79;73;75;84;74;87;77;79;72;71;75;69;69;68;68;68;68;68;68;74;68;68;68;68;68;68;68;67;67;68;65;89;63;79;61;61;60;59;59;69;55;49;55;;;;;;;;;;;;;31;12;10;3222;149;78;77;65;68;62;57;70;81;66;62;56;52;59;60;58;54;53;71;62;55;57;55;59;56;54;54;50;52;51;53;54;51;52;51;52;52;50;51;52;49;50;50;48;45;45;44;45;48;44;45;41;42;41;40;38;45;34;16;10;3528;147;104;78;72;74;82;73;69;110;68;61;67;65;72;60;60;66;60;66;60;61;58;52;52;51;57;51;57;51;60;51;51;56;50;48;48;48;51;48;48;47;50;47;47;47;47;47;46;46;46;52;57;45;49;49;61;50;70;6;0;3;366;36;36;33;36;36;30;33;30;33;30;12;0;1;791;34;31;28;25;26;25;25;25;25;31;25;28;25;25;31;13;13;13;13;13;13;14;16;14;13;13;12;12;21;12;21;12;12;12;12;12;12;12;12;12;12;12;12;6;1;6;846;34;22;31;19;20;18;24;16;16;17;15;15;16;20;14;16;14;14;14;14;14;14;16;14;14;14;14;14;14;16;13;13;13;14;14;15;15;17;12;12;11;11;20;10;10;13;10;9;9;9;9;15;8;8;7;16;7;7;6;;;;;;;;;;;;5;0;1;414;32;22;21;15;13;13;13;13;13;13;15;12;15;18;12;11;14;14;14;17;14;11;14;14;11;11;12;0;0;1;65;9;3;3;6;4;3;3;7;3;3;3;3;3;3;3;3;5;0;4;578;28;28;24;25;21;21;24;19;21;20;20;21;20;20;20;20;19;18;17;16;19;19;15;17;14;14;14;14;9;9;1;0;0;39;3;3;6;6;3;3;3;6;3;1;0;1;93;9;9;6;6;9;9;9;5;5;5;8;8;0;0;0;34;9;10;3;3;6;3;0;0;0;0;0;0;0;0
14.03.2021;Stadtverordnetenwahl;06534014;;Dagobertshausen;2;2;164;117;0;281;192;114;2;10847;33;11;9;3054;101;75;70;72;84;57;65;54;57;54;52;51;71;51;51;54;53;51;51;59;51;51;55;51;53;49;50;48;48;48;54;48;48;48;48;49;48;48;47;47;53;52;46;46;56;45;45;45;45;43;43;43;43;39;38;37;36;38;39;;;;;;;;;;;;;29;5;7;2699;125;73;71;66;57;53;56;66;53;55;52;45;45;47;51;47;44;43;42;93;43;43;42;44;42;48;42;43;42;44;42;48;41;40;40;40;39;39;39;39;39;39;40;42;39;39;39;39;37;37;45;38;35;35;37;32;32;24;6;4;2095;57;51;43;43;39;42;49;46;39;36;35;42;41;36;35;36;35;36;35;35;32;32;32;33;32;33;35;33;32;32;32;33;32;36;35;33;32;33;33;34;35;36;33;33;39;33;33;31;30;30;30;29;29;29;33;30;29;43;3;0;0;149;18;18;18;13;13;13;13;13;12;9;6;2;3;784;55;39;35;27;26;26;26;23;23;22;21;19;21;19;32;11;11;11;11;12;11;14;11;17;11;11;11;11;14;14;21;12;12;12;12;12;15;12;12;19;10;13;9;8;0;6;895;37;22;51;28;19;19;22;15;19;18;16;16;16;16;16;16;16;16;13;13;19;13;19;13;13;13;13;13;13;13;13;13;13;13;16;13;13;13;13;22;13;13;16;13;12;12;12;11;11;11;11;10;10;9;9;9;9;8;8;;;;;;;;;;;;10;0;2;832;70;46;37;39;42;30;33;24;27;27;27;27;27;24;24;24;33;37;24;22;22;25;22;22;25;22;22;0;0;0;3;3;0;0;0;0;0;0;0;0;0;0;0;0;0;0;0;3;0;1;242;11;9;9;9;9;9;9;11;8;8;8;8;11;8;8;8;8;8;8;7;7;7;7;7;7;7;7;7;4;4;0;0;0;0;0;0;0;0;0;0;0;0;0;0;0;1;45;3;3;9;3;3;3;3;3;3;3;3;3;1;1;0;49;5;3;5;3;3;3;3;3;3;3;3;3;3;3
14.03.2021;Stadtverordnetenwahl;06534014;;Dilschhausen;2;2;107;39;0;146;107;39;2;5542;21;22;6;2495;71;42;49;50;105;46;41;41;49;42;41;41;56;51;41;39;46;41;44;45;45;45;44;41;43;41;44;41;41;41;40;40;40;40;40;40;40;40;40;40;40;46;41;43;40;43;39;40;38;38;35;35;33;33;34;30;29;23;28;;;;;;;;;;;;;3;0;0;243;14;10;9;7;7;7;6;7;3;4;4;7;3;4;3;4;3;4;3;4;3;4;3;7;3;4;3;4;3;4;3;4;3;4;3;4;3;4;3;4;3;3;3;3;3;3;3;3;3;3;3;3;3;3;3;3;6;13;6;5;1433;49;35;28;28;23;26;26;25;26;26;26;23;26;23;23;23;23;23;25;26;23;23;23;25;23;26;23;22;22;22;22;23;22;22;37;24;22;22;28;22;25;22;21;21;32;20;20;23;20;20;20;25;18;18;20;17;22;30;2;0;0;131;15;12;12;12;12;12;12;11;12;12;1;0;0;60;2;2;2;2;2;2;2;2;2;2;2;2;2;2;2;1;1;1;1;1;1;1;1;1;1;1;1;1;1;1;2;1;1;1;1;1;1;1;1;1;1;1;1;5;0;2;459;13;14;13;13;14;13;11;11;11;10;14;7;8;7;7;8;7;7;9;8;7;7;8;7;7;8;7;7;8;7;7;7;8;7;7;8;7;8;6;6;10;6;7;6;6;6;7;5;5;5;6;5;5;6;5;5;5;5;5;;;;;;;;;;;;2;0;1;209;21;8;8;6;6;6;6;12;6;9;15;6;6;6;6;6;6;6;9;6;6;6;6;6;6;6;7;0;0;1;54;4;4;4;4;3;3;4;3;3;3;3;3;3;3;3;2;5;0;0;365;16;18;13;14;13;16;15;13;13;13;13;18;10;10;10;11;11;10;11;13;10;14;10;10;11;10;10;14;5;5;0;0;1;46;6;6;10;3;3;3;3;6;3;1;0;0;39;3;3;3;3;3;3;3;3;3;3;3;3;0;1;0;8;7;0;1;0;0;0;0;0;0;0;0;0;0;0
14.03.2021;Stadtverordnetenwahl;06534014;;Elnhausen;2;2;500;328;0;828;502;309;11;27432;77;37;41;9154;357;201;200;177;264;175;173;166;173;165;160;154;375;155;154;153;155;152;154;163;160;162;180;152;152;165;148;150;148;148;147;147;146;146;147;147;143;142;141;140;142;144;139;143;144;152;132;134;123;130;124;120;116;103;101;98;95;88;89;;;;;;;;;;;;;47;12;34;5455;287;131;137;115;126;111;117;123;110;105;115;107;102;97;95;100;100;106;101;142;93;92;95;95;93;86;100;92;87;86;85;84;91;83;81;83;81;84;89;87;80;78;76;82;75;69;69;66;67;66;65;61;70;67;75;59;76;55;26;43;7519;246;178;152;144;136;150;239;127;133;124;126;132;128;123;129;124;122;127;124;123;122;121;124;121;119;120;120;116;115;121;121;117;116;121;207;110;121;105;153;110;127;107;106;103;285;105;101;97;94;95;96;110;108;84;92;81;78;151;8;2;0;445;49;43;43;40;39;41;36;36;36;36;9;3;4;1028;104;57;41;44;29;31;32;31;29;33;34;26;26;28;38;15;14;14;14;14;25;14;17;14;14;14;14;15;16;16;22;13;13;16;13;13;13;16;13;16;13;19;13;17;1;5;1472;55;37;68;62;28;27;38;27;36;28;27;27;24;27;24;24;24;24;24;23;23;23;24;23;22;22;21;21;21;21;21;20;20;20;23;20;23;22;22;20;20;23;20;20;20;20;20;29;23;20;20;19;19;22;19;19;19;17;17;;;;;;;;;;;;12;1;2;1030;115;54;44;37;33;35;32;34;38;38;49;31;34;27;29;29;29;35;35;29;29;29;29;29;29;31;31;1;0;0;93;25;5;5;4;6;6;6;3;3;3;3;4;3;3;6;4;5;1;5;680;34;37;31;30;25;51;28;24;17;26;18;26;18;21;18;23;17;20;16;19;22;19;15;18;19;18;18;14;13;12;0;0;0;6;3;0;3;0;0;0;0;0;0;6;0;2;358;27;25;26;28;28;28;28;28;28;28;28;28;2;0;1;192;29;13;17;16;12;12;12;15;12;9;9;9;9;9
14.03.2021;Stadtverordnetenwahl;06534014;;Ginseldorf;2;2;372;221;0;593;389;214;4;21320;78;46;13;7793;252;167;183;170;167;146;133;277;153;131;131;142;132;141;129;127;141;135;127;145;153;130;136;134;131;279;131;125;121;120;129;115;115;114;117;133;113;115;112;111;120;136;113;118;119;114;109;107;121;111;106;105;101;102;103;94;92;78;81;;;;;;;;;;;;;46;6;18;4413;200;89;104;87;85;87;88;91;88;81;86;79;89;76;80;82;81;73;91;72;76;74;75;82;76;73;72;71;74;75;71;77;67;70;67;68;67;70;67;69;67;68;67;67;64;66;64;65;67;64;76;69;64;59;64;56;65;55;15;17;5148;186;130;98;102;95;109;89;89;87;94;95;87;97;99;88;86;95;82;82;83;81;97;85;83;85;94;82;82;82;89;83;82;80;117;86;81;77;77;80;77;77;83;77;75;77;77;72;72;72;72;75;80;66;64;71;118;59;106;5;1;4;426;39;41;38;38;39;38;38;42;39;38;6;1;0;488;34;24;24;18;15;18;15;15;14;14;17;15;14;12;16;7;8;10;7;7;7;7;7;7;10;7;7;7;8;7;13;7;7;7;7;7;8;8;7;7;8;7;8;15;0;2;1197;42;32;48;27;25;21;29;20;23;31;22;22;22;22;23;20;20;17;21;17;22;17;20;17;23;17;23;17;18;17;17;18;20;18;17;18;17;19;20;17;17;17;16;16;16;19;19;22;16;16;16;16;16;16;16;22;15;15;15;;;;;;;;;;;;7;1;3;644;70;36;27;29;24;23;25;19;23;19;25;19;19;18;19;19;18;18;18;18;19;19;18;18;18;19;18;0;0;2;115;9;9;9;6;7;7;6;6;7;6;6;6;6;6;6;7;8;1;3;807;45;44;36;33;29;34;43;24;24;25;24;25;24;24;25;27;23;24;23;24;29;23;23;23;22;25;22;24;11;11;1;0;1;71;6;10;9;6;6;6;7;6;6;1;1;1;120;9;9;9;9;10;9;9;9;9;9;9;10;0;1;1;98;9;6;7;6;6;7;6;6;6;6;6;6;6;6
14.03.2021;Stadtverordnetenwahl;06534014;;Gisselberg;2;2;470;209;0;679;396;201;9;21284;68;21;14;6124;207;132;120;141;130;131;118;124;131;113;105;110;113;125;111;97;108;105;151;100;100;95;109;100;96;89;92;97;90;97;98;105;96;93;96;96;92;101;92;91;94;94;95;91;93;93;93;102;96;100;89;92;83;87;85;96;81;73;90;;;;;;;;;;;;;42;9;26;4741;259;100;131;86;92;88;84;95;84;93;101;79;80;75;81;76;85;84;94;82;82;79;76;85;76;80;87;82;82;78;76;77;73;77;74;77;77;74;73;72;73;72;72;81;77;75;71;70;65;64;59;68;63;56;69;54;91;59;18;22;5898;203;167;125;131;124;150;117;126;109;105;103;108;103;109;100;107;104;100;97;98;96;98;92;92;103;90;101;97;90;94;97;89;87;92;88;86;86;87;92;97;89;90;86;82;86;81;80;80;83;83;77;90;77;85;82;81;80;139;8;1;0;342;36;36;30;30;30;30;30;30;30;30;3;1;1;500;55;32;29;23;16;14;13;17;14;14;13;13;16;16;16;11;14;10;10;11;11;8;7;6;7;6;5;6;9;8;5;5;5;5;5;5;5;5;5;5;5;5;5;14;1;10;1585;52;49;57;42;42;37;35;30;42;37;33;35;33;26;32;25;29;26;31;25;32;24;27;24;31;23;29;23;26;24;23;26;27;25;22;23;24;21;21;23;20;22;19;25;19;22;19;19;31;18;21;17;20;15;20;14;17;14;17;;;;;;;;;;;;5;0;7;697;71;38;36;38;25;28;27;25;26;20;20;20;20;20;20;20;22;19;19;19;20;20;19;22;19;17;19;1;0;0;102;18;12;6;6;10;5;4;4;4;4;4;4;4;4;7;3;5;2;9;1095;63;66;55;49;49;58;45;45;59;36;33;38;34;36;31;35;31;29;27;27;34;29;25;25;24;23;25;20;15;15;0;0;1;33;6;3;3;3;3;3;3;3;3;2;0;1;117;9;9;9;9;9;9;9;9;9;9;9;9;1;0;0;50;6;3;3;3;3;3;3;3;3;3;5;3;3;3
14.03.2021;Stadtverordnetenwahl;06534014;;Haddamshausen;2;2;309;111;0;420;246;105;7;12349;32;34;10;4037;153;74;82;88;112;77;65;78;75;68;65;68;89;68;70;65;69;66;63;66;79;79;82;71;66;69;65;65;66;69;66;66;66;66;65;67;66;68;66;66;62;65;66;64;63;62;61;64;60;63;55;55;55;58;55;64;57;36;38;;;;;;;;;;;;;20;3;4;1621;86;30;34;33;28;30;30;31;28;27;28;27;29;27;32;27;28;27;28;34;28;27;28;28;28;32;28;30;28;26;27;28;27;26;25;26;24;24;24;25;24;24;25;25;25;25;25;24;23;23;23;26;22;23;26;23;28;36;13;7;3189;85;71;68;63;60;64;65;63;69;51;56;61;56;55;50;50;50;50;50;50;53;57;50;53;50;50;50;56;52;56;50;53;56;52;52;55;54;54;54;54;48;60;47;46;52;46;69;46;46;46;45;51;50;50;54;44;49;53;11;2;3;660;60;60;60;60;60;60;60;60;60;60;12;1;2;859;40;32;38;29;29;30;30;29;26;26;26;28;27;26;26;14;16;14;14;14;15;15;14;14;14;14;14;14;17;14;14;14;14;14;15;16;15;15;14;14;16;13;13;10;3;2;938;28;23;34;22;22;25;22;22;21;22;20;18;19;19;18;21;18;18;15;21;15;13;16;13;13;13;16;13;13;13;13;13;13;13;13;13;13;13;13;13;13;13;14;13;13;13;13;13;14;13;13;13;13;13;13;13;12;10;10;;;;;;;;;;;;5;1;2;474;39;23;22;16;16;16;16;17;17;16;17;16;16;16;16;16;16;15;15;15;16;14;14;14;14;14;18;1;0;0;52;3;3;4;3;3;3;3;3;3;3;3;3;3;3;3;3;5;0;1;378;17;18;14;15;14;15;14;13;12;12;12;15;12;12;13;12;12;12;12;11;11;11;15;11;11;11;11;11;7;6;0;0;0;30;3;3;3;3;3;3;3;3;3;0;0;2;56;4;5;4;4;4;4;4;4;7;4;4;4;1;0;0;55;10;3;3;3;4;3;3;3;3;3;4;3;3;3
14.03.2021;Stadtverordnetenwahl;06534014;;Hermershausen;2;2;238;74;0;312;192;67;4;9620;49;19;7;4222;148;85;74;73;76;73;73;70;70;70;73;70;70;73;70;70;83;76;70;70;80;72;73;70;70;70;70;73;70;70;70;73;70;70;70;70;70;73;70;70;73;70;70;70;70;70;70;70;69;69;67;67;67;66;66;63;60;55;49;;;;;;;;;;;;;20;4;7;1885;95;45;49;38;49;44;44;32;35;32;41;32;38;35;35;32;38;31;34;32;28;31;28;33;33;30;30;28;28;28;28;34;28;28;28;28;28;28;28;28;28;28;28;28;28;28;28;27;30;26;26;32;26;26;25;25;31;23;6;5;2138;72;57;46;48;37;45;42;38;48;37;36;37;33;41;38;32;34;34;33;35;34;32;35;35;35;36;37;32;37;39;32;34;32;33;44;32;38;31;34;31;31;30;31;34;39;34;36;30;31;30;31;30;33;30;32;29;29;44;12;5;0;509;49;46;46;46;46;46;46;46;46;46;0;2;1;198;15;8;11;8;4;4;4;4;4;5;4;5;3;3;5;3;3;3;3;3;5;5;6;5;6;3;3;3;10;3;13;3;3;3;5;3;3;3;3;4;1;1;1;0;0;0;80;18;10;12;4;4;3;2;1;0;6;4;0;1;3;0;1;0;2;1;0;0;1;0;1;0;0;0;0;0;0;0;0;0;0;0;0;0;0;0;0;0;0;0;0;0;0;0;0;0;0;0;0;3;3;0;0;0;0;0;;;;;;;;;;;;5;1;1;373;23;17;17;12;12;15;15;12;12;13;18;12;12;12;12;12;15;12;12;12;12;12;12;12;12;12;12;1;0;0;51;3;3;3;3;3;3;3;3;3;3;3;3;3;3;3;3;0;0;0;30;6;3;3;0;0;3;0;0;0;3;0;0;0;0;0;6;0;0;0;0;0;0;0;3;0;0;0;0;0;0;0;0;0;0;0;0;0;0;0;0;0;0;0;0;0;0;42;3;3;6;3;3;3;3;3;3;3;3;3;0;0;2;92;20;8;11;8;5;4;4;4;4;4;4;4;4;4
14.03.2021;Stadtverordnetenwahl;06534014;;Marbach;6;6;1624;988;0;2612;1639;919;37;89434;221;100;70;23170;926;492;483;532;509;442;442;426;484;441;421;430;424;420;415;396;446;425;405;426;412;393;443;386;397;367;387;362;391;394;373;359;352;376;356;374;343;357;360;340;343;344;346;357;331;365;338;331;338;345;323;390;301;398;289;287;286;254;297;;;;;;;;;;;;;219;32;84;20843;968;463;549;456;480;447;443;434;426;429;406;369;392;391;394;362;366;366;372;362;350;353;355;378;359;340;339;334;348;334;331;348;329;336;319;321;309;311;326;323;303;312;313;315;300;316;296;295;292;290;287;290;280;268;281;265;273;199;69;58;19877;749;546;405;417;362;441;366;376;356;419;345;360;370;350;360;335;339;336;333;321;320;322;330;320;316;328;317;334;322;329;317;304;316;305;323;301;330;300;328;294;292;319;303;285;291;280;285;276;337;276;278;304;276;275;291;273;243;411;12;1;9;1043;112;102;103;99;96;94;90;91;84;84;46;12;17;5561;448;251;221;213;201;193;186;167;163;155;145;152;151;154;267;99;95;80;79;81;94;87;94;92;77;82;80;72;92;84;107;71;77;73;72;80;85;79;69;134;84;81;94;91;12;32;8478;306;253;296;217;210;174;192;169;181;195;177;170;161;155;147;146;148;141;161;133;148;132;153;130;147;128;158;128;133;139;118;123;138;129;118;122;123;116;123;126;118;114;122;116;113;114;110;116;118;108;108;122;106;104;102;117;102;102;102;;;;;;;;;;;;44;8;13;4136;351;209;189;161;153;145;149;136;141;140;128;126;147;132;130;124;131;138;122;141;130;126;123;122;122;118;141;3;2;7;820;87;65;56;45;45;48;49;41;47;41;42;41;40;39;51;40;34;4;19;4242;228;226;188;194;165;231;150;190;138;161;136;150;138;129;120;135;119;114;114;122;121;120;106;125;124;103;101;95;64;63;1;1;0;180;21;24;27;15;19;19;16;9;13;8;1;6;688;56;67;56;52;53;53;52;49;53;49;49;47;3;1;2;396;80;23;23;20;20;26;23;20;20;28;20;32;20;20
14.03.2021;Stadtverordnetenwahl;06534014;;Michelbach;3;3;956;643;0;1599;1016;588;18;55694;161;55;46;15388;535;325;310;340;322;298;281;303;296;282;269;286;273;291;278;262;291;270;275;258;262;256;280;250;288;253;248;253;247;269;248;246;245;242;248;249;244;246;239;240;242;247;239;243;235;240;234;232;238;250;226;246;224;215;213;214;187;174;191;;;;;;;;;;;;;130;27;51;12072;549;244;269;226;242;237;216;235;220;248;232;214;215;212;209;214;214;205;226;219;211;214;200;219;200;198;197;201;198;193;196;210;241;195;189;194;187;189;186;190;186;185;191;190;184;192;180;178;176;176;173;184;173;169;183;165;190;150;67;41;15560;512;385;296;308;268;324;268;297;259;272;259;266;262;277;248;253;255;253;243;343;243;253;243;249;267;265;244;250;252;253;388;242;239;245;242;238;238;245;467;233;239;247;237;231;237;231;226;224;226;224;221;249;238;201;211;190;183;336;16;4;9;1036;100;95;99;91;91;92;89;92;105;91;35;11;11;3799;264;158;157;149;125;125;171;113;116;109;110;102;107;103;122;60;58;58;57;57;68;64;62;67;60;61;63;58;59;57;67;57;57;57;58;58;60;59;56;82;62;56;60;27;2;9;2562;117;68;112;56;58;51;52;42;53;50;47;54;44;39;41;42;39;38;43;41;46;40;52;38;43;41;54;38;38;38;38;38;41;40;38;41;40;37;37;37;37;37;36;37;35;34;33;39;41;32;32;39;32;33;31;42;33;29;28;;;;;;;;;;;;19;1;14;2257;191;108;101;91;97;87;81;75;72;87;72;75;80;74;69;69;77;78;67;70;73;67;65;63;65;60;73;0;0;1;152;29;21;10;6;10;9;8;5;8;4;5;6;4;4;7;9;18;6;13;2498;136;117;102;103;96;115;118;91;79;87;77;89;73;79;75;81;71;76;70;72;70;70;64;76;82;67;65;61;50;43;1;0;1;92;16;11;8;9;9;9;11;6;6;0;0;3;208;18;21;18;15;18;18;16;13;13;10;13;18;1;0;0;70;15;3;3;3;6;3;4;3;3;3;9;3;3;3
14.03.2021;Stadtverordnetenwahl;06534014;;Moischt;2;2;568;301;0;869;508;279;9;27134;82;41;16;8920;363;225;211;213;202;180;181;178;185;166;163;169;175;169;158;156;173;158;159;138;155;145;166;135;144;137;137;136;130;141;137;136;129;129;128;132;132;135;135;128;135;141;131;127;129;142;124;129;121;130;135;120;117;118;274;105;98;93;82;;;;;;;;;;;;;44;17;21;5028;266;100;163;98;100;101;100;93;99;108;110;83;86;89;96;82;94;84;89;104;91;75;81;101;86;79;83;80;83;80;81;84;72;80;73;80;77;77;71;83;69;76;86;74;69;75;69;73;68;70;71;84;61;67;70;61;68;68;39;27;7843;280;214;162;161;145;195;143;142;139;137;148;136;141;137;127;132;133;122;121;120;251;130;119;122;124;120;116;185;117;122;119;126;113;125;116;123;116;115;131;117;111;113;110;106;115;107;106;111;106;103;107;134;115;94;111;108;112;184;13;3;3;862;83;76;82;76;82;79;76;76;78;76;8;0;3;763;45;34;31;24;21;30;21;24;21;20;20;20;23;23;29;12;12;12;12;12;12;12;21;12;12;12;12;12;13;14;18;12;12;12;12;15;11;11;14;14;14;14;10;13;3;3;1204;39;36;56;32;24;21;25;20;21;21;25;21;24;24;22;24;21;17;18;17;18;18;18;18;21;18;21;18;18;25;18;18;23;21;21;18;18;18;18;18;18;17;20;17;17;17;16;16;16;16;16;19;16;16;16;16;14;16;13;;;;;;;;;;;;10;3;6;1284;116;73;56;51;58;44;44;39;41;41;40;43;37;37;37;40;43;37;37;40;36;39;46;35;38;33;47;1;0;1;119;16;14;12;5;5;8;9;5;5;7;4;4;7;4;6;4;11;0;1;760;55;35;32;23;23;29;23;29;23;24;26;24;23;23;23;26;23;23;23;26;23;23;23;23;26;26;22;22;14;11;0;0;0;0;0;0;0;0;0;0;0;0;0;1;2;2;207;21;19;16;15;15;15;16;15;15;15;15;15;2;0;0;144;34;9;9;12;9;9;9;8;7;8;6;6;6;6
14.03.2021;Stadtverordnetenwahl;06534014;;Ockershausen;9;9;3186;1539;0;4725;2559;1382;41;141517;264;122;78;28152;1028;667;630;695;640;580;550;567;577;535;514;513;511;522;508;469;642;491;465;514;495;599;497;471;489;442;450;443;430;448;443;431;429;431;441;456;423;439;433;424;417;422;434;421;419;416;402;396;395;441;390;387;375;375;372;357;336;316;349;;;;;;;;;;;;;370;69;157;36362;1650;839;949;789;815;782;727;782;741;749;720;637;688;656;670;626;652;640;670;631;632;629;611;660;626;609;609;589;598;575;579;604;569;583;559;555;550;551;552;550;535;543;537;541;549;530;516;514;524;500;493;500;484;482;485;455;531;373;133;101;37290;1356;1008;799;795;776;842;721;792;705;684;685;675;694;706;678;652;695;628;626;610;604;609;611;588;620;614;674;608;579;622;580;593;565;568;588;579;575;564;575;565;558;575;541;522;523;517;516;526;503;511;526;590;519;535;546;485;474;730;33;7;10;2028;216;194;190;181;186;185;172;176;177;173;44;12;16;5085;350;237;236;210;185;183;149;162;160;142;139;159;157;137;154;99;86;82;78;87;91;89;91;85;73;84;76;74;78;73;86;74;75;72;78;75;74;79;71;79;79;70;77;150;41;59;16487;739;520;635;460;481;372;403;355;381;371;350;315;295;285;291;277;298;264;296;251;277;253;281;245;279;236;258;244;251;240;232;244;242;232;225;241;223;228;226;224;220;235;227;220;218;215;209;236;219;207;214;225;200;201;190;214;191;162;164;;;;;;;;;;;;55;11;16;5112;458;277;244;215;203;190;174;166;167;183;169;158;156;158;159;157;169;153;155;173;150;146;151;149;147;144;155;6;0;8;954;142;80;76;48;57;46;49;47;45;43;47;43;41;44;54;48;76;13;33;8498;500;450;387;400;347;414;361;353;287;301;255;258;261;245;245;273;248;233;245;240;226;231;214;247;235;210;210;212;131;129;2;0;2;220;22;24;30;22;19;25;19;19;19;11;0;4;882;91;105;66;61;66;59;62;59;68;64;56;63;4;1;2;447;124;37;32;30;29;20;20;20;19;22;19;20;20;17
14.03.2021;Stadtverordnetenwahl;06534014;;Richtsberg;9;9;4238;645;0;4883;1538;573;52;78681;127;47;43;12686;506;279;280;266;233;246;236;238;252;225;227;217;239;233;224;210;230;229;212;231;228;210;258;211;211;200;216;207;202;209;231;197;203;199;214;223;196;200;190;197;202;194;192;186;191;192;184;186;194;212;177;183;180;180;170;186;153;148;161;;;;;;;;;;;;;121;36;44;12607;702;291;315;250;267;276;261;251;246;237;251;230;227;225;212;218;219;212;221;211;213;200;241;233;213;208;202;205;210;195;208;198;191;206;188;194;187;183;195;190;178;180;177;173;174;182;165;166;207;170;161;180;167;168;194;156;276;280;170;48;30560;1159;775;637;641;539;635;562;562;548;541;523;715;653;588;505;518;569;589;515;514;489;499;494;487;536;552;476;509;469;497;483;491;468;489;465;472;482;548;464;456;459;476;439;438;447;484;439;438;424;434;482;485;432;404;409;405;375;519;73;20;30;4214;407;387;389;384;381;377;376;378;379;382;29;7;7;2941;179;107;115;99;95;101;92;89;91;84;85;116;89;85;83;53;50;48;45;49;56;56;54;62;44;46;52;48;49;49;66;41;44;41;50;43;44;50;43;45;46;48;39;85;26;12;8144;309;231;297;209;196;170;184;165;165;172;162;155;143;141;140;140;136;136;141;118;134;119;127;137;132;116;123;118;118;156;126;117;131;119;123;119;121;119;122;126;121;117;120;115;111;114;114;112;115;109;115;109;108;101;119;139;100;98;94;;;;;;;;;;;;18;6;6;2040;178;102;97;80;88;69;66;66;70;69;62;64;63;69;59;62;62;64;59;61;69;58;65;65;64;63;78;6;1;4;731;88;55;44;37;45;43;52;35;43;35;35;34;34;41;36;37;31;4;19;3514;189;168;147;149;132;154;154;134;112;125;106;109;106;107;104;130;110;107;100;108;104;107;94;105;108;93;91;87;55;63;2;0;1;172;25;19;28;13;15;13;16;15;12;4;2;4;541;56;55;44;41;54;34;37;37;37;38;35;37;7;0;2;531;63;55;31;34;29;31;34;29;44;29;29;29;34;29
14.03.2021;Stadtverordnetenwahl;06534014;;Ronhausen;2;2;130;47;0;177;120;0;6;6034;18;12;5;2026;66;45;39;39;41;39;36;36;40;33;33;33;33;34;36;33;36;39;33;33;39;37;37;39;36;35;36;34;33;38;35;32;32;32;32;32;32;35;32;34;35;37;34;37;34;34;33;31;31;30;31;31;31;30;29;26;26;19;18;;;;;;;;;;;;;7;1;1;523;26;9;10;9;10;10;10;9;10;9;10;9;10;9;12;9;10;9;10;9;10;9;10;9;10;9;10;9;9;8;9;8;8;9;8;8;8;8;8;9;8;8;8;9;7;8;7;8;7;8;7;8;7;8;7;8;7;25;15;0;2050;63;46;34;34;34;34;35;34;34;34;34;35;34;35;34;34;35;34;34;34;34;34;34;34;34;35;37;34;34;34;34;34;34;34;34;34;34;34;34;34;34;34;34;34;34;34;34;33;33;33;36;37;39;33;32;31;29;38;6;1;1;330;30;30;30;30;30;30;30;30;30;30;5;1;1;437;24;18;15;15;15;15;18;15;15;15;15;14;14;14;14;9;9;9;9;8;6;6;6;6;6;6;6;6;6;12;6;6;6;6;6;6;9;6;6;6;9;6;6;1;0;0;95;4;4;4;1;1;1;1;4;1;1;4;1;1;1;4;4;1;1;1;1;4;1;1;1;1;1;1;1;1;1;1;4;1;1;1;1;1;1;1;1;1;1;1;1;1;1;1;1;4;1;1;1;1;1;4;1;1;1;4;;;;;;;;;;;;5;0;1;437;28;19;19;17;14;14;14;14;17;14;14;14;14;14;17;17;14;14;14;14;17;17;14;14;14;14;14;1;0;1;112;9;6;6;6;6;8;6;6;8;6;6;6;6;6;6;6;0;0;0;23;0;3;0;0;0;3;0;0;0;0;0;3;0;0;0;0;0;0;0;3;0;3;0;0;0;2;0;0;3;3;0;0;0;0;0;0;0;0;0;0;0;0;0;0;0;0;0;0;0;0;0;0;0;0;0;0;0;0;0;0;0;0;1;1;0;0;0;0;0;0;0;0;0;0;0;0;0
14.03.2021;Stadtverordnetenwahl;06534014;;SchrÃ¶ck;3;3;919;434;0;1353;806;404;12;43802;213;110;32;20584;627;405;396;388;395;374;367;414;367;350;469;358;351;353;354;350;360;350;369;352;360;366;379;350;354;347;347;341;337;349;344;334;338;338;338;347;335;358;328;328;324;366;451;324;319;331;317;321;318;322;310;301;296;291;298;277;272;236;243;;;;;;;;;;;;;74;21;25;7310;332;147;181;136;143;131;139;150;133;131;127;125;124;125;132;129;126;132;159;128;120;122;118;136;116;123;137;141;121;112;110;119;111;111;108;109;110;111;109;108;107;108;225;107;108;108;107;105;108;104;106;107;105;116;118;97;107;84;32;18;8132;297;210;160;146;150;176;148;159;142;137;146;146;133;143;138;131;134;132;143;131;131;123;129;134;133;127;133;130;127;133;228;155;126;135;146;134;134;137;130;121;120;134;119;119;118;118;118;117;117;113;116;128;109;108;114;107;105;179;9;1;4;569;59;63;59;50;53;50;47;47;47;47;21;1;3;1749;103;75;91;62;60;76;57;59;55;57;55;57;55;50;52;32;31;26;26;29;31;29;28;25;25;27;30;24;28;26;28;24;24;24;24;27;23;26;23;28;27;30;30;23;3;8;2146;63;54;65;52;50;47;45;40;49;42;52;38;41;35;41;35;41;35;37;35;38;38;39;35;38;34;40;34;37;40;34;37;34;38;34;35;33;32;32;33;32;31;31;31;30;32;30;28;28;28;27;27;26;25;24;27;29;24;24;;;;;;;;;;;;24;1;6;1964;153;106;95;73;78;73;77;77;71;75;59;57;57;57;58;59;61;68;60;65;57;57;56;62;59;57;69;4;0;2;400;40;31;28;22;21;21;21;21;21;20;20;20;20;20;29;23;4;0;1;468;24;26;19;26;16;26;18;15;20;14;12;12;12;12;19;13;18;12;13;11;13;11;11;20;11;11;11;11;7;7;1;0;0;49;8;5;4;6;6;4;4;4;4;4;0;2;266;25;25;22;22;22;20;20;18;21;17;17;17;1;0;1;165;17;15;12;13;9;18;9;9;9;9;9;9;9;9
14.03.2021;Stadtverordnetenwahl;06534014;;SÃ¼dviertel;11;11;3999;2129;0;6128;3660;1945;71;204952;259;91;65;25753;910;583;579;591;549;541;490;506;538;528;455;481;461;457;442;452;483;506;456;519;471;425;452;424;434;405;418;411;405;436;398;408;394;393;410;398;390;388;402;384;389;388;425;396;378;379;381;375;372;410;358;361;352;350;340;360;323;322;321;;;;;;;;;;;;;673;118;324;69302;2877;1575;1809;1498;1645;1528;1520;1508;1418;1469;1375;1257;1330;1282;1294;1245;1257;1260;1305;1197;1196;1177;1167;1293;1193;1150;1158;1108;1150;1124;1110;1154;1065;1102;1075;1063;1032;1054;1047;1037;1004;1026;997;1013;991;1019;958;975;996;975;912;996;890;934;908;892;894;428;76;148;41854;1608;1137;990;990;799;914;812;884;770;745;744;768;762;858;786;716;871;716;691;667;669;679;712;673;721;742;638;673;644;734;640;692;627;644;651;630;626;640;601;613;648;695;608;589;606;591;582;580;580;603;565;635;547;551;573;555;506;747;39;6;20;2502;243;236;227;226;223;225;222;225;228;225;71;12;18;7265;459;325;353;309;274;259;227;232;231;220;209;205;222;200;194;130;121;112;118;114;127;125;123;136;115;114;114;109;129;116;132;110;104;107;109;112;103;105;103;104;112;118;111;293;71;133;32149;1103;913;1094;835;916;687;716;626;712;804;696;658;597;549;584;559;580;521;602;500;578;521;555;495;563;474;574;464;507;481;468;508;485;501;459;492;477;492;450;479;446;458;459;454;425;451;412;420;476;400;408;405;390;392;380;468;363;334;333;;;;;;;;;;;;47;7;20;5034;479;292;257;208;204;191;191;168;173;179;168;154;166;161;152;159;156;145;146;146;143;145;132;133;135;132;147;7;0;10;1397;186;111;103;78;95;78;75;63;94;64;64;60;57;62;73;66;131;16;88;17066;1001;1032;857;854;724;880;743;733;578;595;508;546;533;485;469;538;464;447;461;440;455;430;400;462;484;402;383;389;263;242;5;0;6;517;69;61;67;43;51;49;50;38;43;10;6;14;1476;140;174;127;116;113;106;109;104;111;101;95;89;6;2;1;637;177;52;65;41;30;25;25;25;25;26;25;26;29;34
14.03.2021;Stadtverordnetenwahl;06534014;;Waldtal;2;2;639;95;0;734;283;86;17;13824;19;9;1;1624;67;33;28;32;38;32;28;25;25;33;28;25;28;25;25;25;48;33;28;33;28;25;26;25;28;29;25;25;26;26;25;25;25;25;25;25;25;26;25;25;25;25;25;25;25;26;25;25;25;25;25;25;25;25;25;24;24;19;28;;;;;;;;;;;;;20;8;14;2595;113;64;61;66;74;61;58;64;55;62;68;50;56;58;53;59;49;61;54;43;51;42;48;42;48;44;38;41;37;40;35;36;33;39;35;35;35;33;39;37;34;34;31;35;34;35;30;36;35;29;27;31;31;29;37;32;30;45;43;14;5523;235;122;105;112;105;108;105;103;106;98;102;98;101;108;107;100;112;97;95;91;94;92;96;92;98;95;90;91;88;94;90;88;87;87;90;88;86;86;87;88;90;85;82;85;82;86;80;82;81;87;77;81;75;79;70;69;68;71;8;1;2;386;38;35;35;35;38;35;35;36;33;33;3;2;4;526;25;22;20;21;19;18;17;18;20;13;12;12;14;11;11;11;8;8;8;8;8;8;11;8;10;8;8;8;8;8;8;9;8;10;11;11;11;11;11;11;11;11;11;12;1;6;1400;70;54;52;50;46;30;35;31;40;41;39;36;24;26;34;32;28;22;30;19;25;22;22;19;22;19;22;17;20;17;17;20;17;23;17;18;16;16;16;16;16;18;15;18;15;15;14;14;17;14;14;14;14;13;13;20;12;12;12;;;;;;;;;;;;2;0;1;176;12;7;7;5;17;5;5;6;15;6;5;5;5;5;5;7;5;5;5;5;5;5;5;5;5;5;5;3;0;0;279;21;25;18;18;21;21;17;14;20;15;12;12;12;12;17;12;10;1;5;1272;57;63;55;58;56;69;63;56;40;48;45;39;43;34;35;35;34;33;41;31;34;34;31;40;43;30;33;30;19;19;0;0;1;30;3;3;3;3;3;3;3;3;3;0;0;0;3;0;3;0;0;0;0;0;0;0;0;0;0;0;0;0;10;4;0;0;0;0;0;0;0;0;0;0;0;6;0
14.03.2021;Stadtverordnetenwahl;06534014;;Wehrda;8;8;2991;1458;0;4449;2326;1327;39;126014;308;199;97;35449;1280;728;691;1273;679;656;636;649;693;621;619;704;629;616;643;615;625;601;592;602;637;577;1170;581;579;563;578;561;555;578;555;548;556;540;556;559;534;554;531;527;538;534;529;523;503;804;506;492;522;517;689;461;444;439;421;408;378;363;387;;;;;;;;;;;;;275;53;120;27945;1360;644;698;577;589;582;555;564;519;567;557;491;499;515;541;502;535;494;545;486;553;481;457;484;468;467;463;484;467;450;436;458;426;465;431;431;419;433;426;428;410;404;413;395;397;392;380;374;375;361;379;417;364;378;420;332;420;289;120;113;31626;1245;835;699;674;610;670;617;635;566;562;537;581;555;574;540;593;569;527;531;519;525;519;519;515;645;513;503;530;495;576;503;501;592;522;481;517;483;487;489;492;480;500;460;459;458;445;434;440;428;430;437;479;402;396;473;396;373;589;47;3;15;2572;259;242;237;234;235;228;226;235;226;227;33;9;14;3865;253;184;186;166;121;146;123;119;115;128;114;124;109;98;115;77;56;54;56;53;67;53;67;62;56;65;73;56;67;70;84;51;54;52;60;54;54;56;63;61;51;53;67;104;31;43;11628;432;330;491;321;289;285;279;235;257;273;261;252;218;204;202;204;216;191;211;185;180;172;203;188;185;164;201;168;177;176;161;165;174;182;164;172;166;163;164;168;162;159;166;154;154;187;151;155;158;138;146;152;134;136;128;158;131;115;115;;;;;;;;;;;;41;5;19;4499;408;241;215;182;194;178;159;141;167;147;177;135;148;133;132;130;149;134;125;151;137;126;133;121;117;116;147;10;1;4;910;106;66;64;47;49;45;53;45;52;45;48;47;44;44;51;56;44;5;31;5651;309;318;275;267;235;298;230;232;189;208;177;191;172;166;170;171;157;154;164;146;152;142;146;149;164;134;131;127;86;95;3;0;0;177;26;16;25;18;18;15;12;12;19;12;0;11;1077;97;103;93;79;88;79;81;78;78;75;73;75;8;3;2;615;104;45;44;37;37;34;33;34;36;33;36;32;37;35
14.03.2021;Stadtverordnetenwahl;06534014;;Wehrshausen;2;2;358;177;0;535;358;157;4;19657;73;37;21;7468;254;168;163;156;158;147;142;138;147;135;135;137;151;132;138;130;136;139;122;125;149;124;130;125;122;121;128;121;116;124;122;117;122;116;120;115;115;121;114;117;126;113;117;113;157;112;113;114;116;109;108;121;106;98;100;95;92;85;81;;;;;;;;;;;;;34;7;14;3649;186;80;107;75;79;72;72;81;71;85;70;64;65;57;66;61;67;67;65;73;58;57;61;76;58;63;58;55;56;55;55;70;55;63;56;53;54;53;55;58;51;54;47;52;47;53;48;49;50;55;46;66;45;46;67;43;55;36;13;10;3700;152;97;72;74;64;83;67;79;62;77;58;68;63;70;58;64;58;62;58;64;61;69;60;62;58;61;55;60;56;63;57;59;57;66;62;59;55;56;69;60;53;55;52;72;67;55;53;50;50;52;53;57;46;47;51;49;45;77;6;0;5;431;48;45;45;42;38;36;36;36;35;35;15;3;1;1279;81;51;52;56;41;44;44;38;38;38;49;49;40;36;39;21;21;21;21;20;24;21;19;21;18;18;18;18;18;21;24;18;18;18;18;18;18;19;18;24;18;24;18;12;2;0;1015;45;30;44;35;33;28;33;27;26;18;20;21;17;17;17;17;20;14;14;14;14;17;15;14;14;14;14;14;14;13;13;13;16;13;13;16;14;16;13;13;13;13;13;12;12;12;12;12;18;12;12;12;12;12;12;17;12;12;12;;;;;;;;;;;;10;2;3;788;57;44;40;40;29;25;25;25;24;24;24;24;29;24;24;24;25;27;24;27;26;24;24;24;24;24;31;0;0;0;16;9;0;0;0;1;0;6;0;0;0;0;0;0;0;0;0;10;1;5;1039;53;47;44;46;42;40;40;36;32;35;31;44;33;39;30;33;30;32;31;31;29;32;29;31;30;29;29;29;19;17;1;0;0;30;3;3;3;3;3;3;3;3;3;1;0;0;113;15;12;9;9;9;9;9;9;8;6;6;6;1;0;2;129;14;11;11;11;11;8;7;7;7;7;7;7;7;7
14.03.2021;Stadtverordnetenwahl;06534014;;Weidenhausen;2;2;810;438;0;1248;729;406;13;40320;52;23;13;5708;215;191;126;122;99;113;107;100;110;111;112;108;101;123;102;87;96;131;111;95;98;94;110;96;91;86;99;86;86;107;83;94;84;84;95;89;82;84;93;81;87;87;81;88;80;86;83;97;80;88;76;82;73;73;67;74;64;85;75;;;;;;;;;;;;;117;22;52;12362;530;300;321;268;288;284;286;259;252;259;254;289;257;239;225;213;221;238;208;210;199;199;202;219;192;227;204;195;226;188;184;199;184;187;184;189;178;185;189;180;172;175;174;174;172;175;174;167;171;165;162;179;165;162;171;181;164;77;11;29;7428;306;201;180;166;138;160;125;145;127;128;120;130;135;133;142;129;173;120;120;126;119;120;121;114;127;123;117;122;126;136;119;117;120;117;129;120;115;112;114;111;108;111;107;107;116;106;103;103;110;114;99;119;104;100;99;97;93;119;9;1;1;436;47;44;38;38;38;38;38;38;41;38;10;7;3;1519;107;80;97;66;55;60;52;55;50;45;41;50;47;40;48;25;23;25;24;21;20;22;34;23;21;21;21;20;25;19;24;18;16;19;22;19;21;21;15;18;18;18;27;73;9;37;7451;251;195;247;199;197;169;155;151;148;175;164;152;135;126;126;121;129;120;122;120;139;116;131;121;128;115;135;117;119;119;114;118;117;115;111;114;111;124;106;113;114;105;105;108;106;103;106;100;106;96;93;102;94;89;91;107;81;83;77;;;;;;;;;;;;6;1;1;672;89;50;34;37;33;28;24;30;21;16;16;16;19;15;18;18;24;15;15;22;18;18;15;15;15;15;15;0;0;0;140;42;29;15;8;8;3;4;1;4;1;4;1;1;1;9;3;18;11;20;3604;202;212;183;171;151;173;148;147;116;140;110;124;119;102;100;128;101;93;90;96;89;93;81;104;106;85;82;76;55;54;4;0;1;252;27;21;36;27;26;24;21;21;27;2;0;3;330;32;37;28;25;22;28;23;19;25;25;19;22;4;2;1;418;76;33;25;30;21;21;27;21;26;21;24;27;21;24
